{"cameraMode":{"drawMode":0,"name":"Shaded","section":"Shading Mode"},"sceneLighting":true,"audioPlay":false,"sceneViewState":{"showFog":true,"showMaterialUpdate":true,"showSkybox":true,"showFlares":true,"showImageEffects":true,"showParticleSystems":true},"in2DMode":false,"pivot":{"x":-12.507928848266602,"y":-2.0202417373657228,"z":-8.129378318786621},"rotation":{"x":0.07135597616434097,"y":0.157075434923172,"z":-0.011338474228978157,"w":0.9850063920021057},"size":0.44338011741638186,"orthographic":false}