{"cameraMode":{"drawMode":0,"name":"Shaded","section":"Shading Mode"},"sceneLighting":false,"audioPlay":false,"sceneViewState":{"showFog":true,"showMaterialUpdate":true,"showSkybox":false,"showFlares":true,"showImageEffects":true,"showParticleSystems":true},"in2DMode":false,"pivot":{"x":0.015330880880355835,"y":-0.002925790846347809,"z":0.02178923785686493},"rotation":{"x":0.042851682752370837,"y":-0.9341305494308472,"z":0.12004905939102173,"w":0.33352112770080569},"size":0.25508207082748415,"orthographic":false}