{"cameraMode":{"drawMode":0,"name":"Shaded","section":"Shading Mode"},"sceneLighting":true,"audioPlay":false,"sceneViewState":{"showFog":true,"showMaterialUpdate":true,"showSkybox":true,"showFlares":true,"showImageEffects":true,"showParticleSystems":true},"in2DMode":false,"pivot":{"x":5.594557762145996,"y":-0.1497601717710495,"z":3.5880420207977297},"rotation":{"x":0.06546594202518463,"y":0.719434916973114,"z":-0.0683884546160698,"w":0.6881257891654968},"size":7.274612903594971,"orthographic":false}