{"cameraMode":{"drawMode":0,"name":"Shaded","section":"Shading Mode"},"sceneLighting":false,"audioPlay":false,"sceneViewState":{"showFog":true,"showMaterialUpdate":true,"showSkybox":false,"showFlares":true,"showImageEffects":true,"showParticleSystems":true},"in2DMode":false,"pivot":{"x":-10.42199993133545,"y":0.10700000077486038,"z":2.0179998874664308},"rotation":{"x":-0.21516084671020509,"y":0.21417395770549775,"z":-0.048312779515981677,"w":-0.951736330986023},"size":0.08660262823104859,"orthographic":false}