{"cameraMode":{"drawMode":0,"name":"Shaded","section":"Shading Mode"},"sceneLighting":false,"audioPlay":false,"sceneViewState":{"showFog":true,"showMaterialUpdate":true,"showSkybox":false,"showFlares":true,"showImageEffects":true,"showParticleSystems":true},"in2DMode":false,"pivot":{"x":1.099269986152649,"y":-0.3407230079174042,"z":0.42114120721817019},"rotation":{"x":-0.12607252597808839,"y":-0.6251782178878784,"z":0.10348650068044663,"w":-0.7634563446044922},"size":0.830812394618988,"orthographic":false}