{"cameraMode":{"drawMode":0,"name":"Shaded","section":"Shading Mode"},"sceneLighting":true,"audioPlay":false,"sceneViewState":{"showFog":true,"showMaterialUpdate":true,"showSkybox":true,"showFlares":true,"showImageEffects":true,"showParticleSystems":true},"in2DMode":false,"pivot":{"x":-11.460947036743164,"y":-2.6189918518066408,"z":-12.289996147155762},"rotation":{"x":-0.08518543839454651,"y":-0.9116779565811157,"z":0.2424047738313675,"w":-0.32113054394721987},"size":1.3086599111557007,"orthographic":false}