{"cameraMode":{"drawMode":0,"name":"Shaded","section":"Shading Mode"},"sceneLighting":false,"audioPlay":false,"sceneViewState":{"showFog":true,"showMaterialUpdate":true,"showSkybox":true,"showFlares":true,"showImageEffects":true,"showParticleSystems":true},"in2DMode":false,"pivot":{"x":-19.75,"y":0.23829153180122376,"z":1.090000033378601},"rotation":{"x":-0.21191664040088654,"y":-0.7686506509780884,"z":0.3167053163051605,"w":-0.5140178203582764},"size":5.879541397094727,"orthographic":false}