{"cameraMode":{"drawMode":0,"name":"Shaded","section":"Shading Mode"},"sceneLighting":true,"audioPlay":false,"sceneViewState":{"showFog":true,"showMaterialUpdate":true,"showSkybox":true,"showFlares":true,"showImageEffects":true,"showParticleSystems":true},"in2DMode":false,"pivot":{"x":-0.6931488513946533,"y":4.487218856811523,"z":-1.417473316192627},"rotation":{"x":0.14201192557811738,"y":0.24234235286712647,"z":-0.035879336297512057,"w":0.959091067314148},"size":4.381045818328857,"orthographic":false}