{"cameraMode":{"drawMode":0,"name":"Shaded","section":"Shading Mode"},"sceneLighting":true,"audioPlay":false,"sceneViewState":{"showFog":true,"showMaterialUpdate":true,"showSkybox":true,"showFlares":true,"showImageEffects":true,"showParticleSystems":true},"in2DMode":false,"pivot":{"x":-116.20581817626953,"y":-67.08717346191406,"z":58.860408782958987},"rotation":{"x":0.20982392132282258,"y":-0.45984578132629397,"z":0.11243699491024018,"w":0.8557144999504089},"size":71.18769073486328,"orthographic":false}