{"cameraMode":{"drawMode":0,"name":"Shaded","section":"Shading Mode"},"sceneLighting":true,"audioPlay":false,"sceneViewState":{"showFog":true,"showMaterialUpdate":true,"showSkybox":true,"showFlares":true,"showImageEffects":true,"showParticleSystems":true},"in2DMode":false,"pivot":{"x":3.9929938316345217,"y":1.2254942655563355,"z":-1.290767788887024},"rotation":{"x":0.16671428084373475,"y":-0.5141510367393494,"z":0.10223761200904846,"w":0.8352447152137756},"size":1.7512967586517335,"orthographic":false}