{"cameraMode":{"drawMode":0,"name":"Shaded","section":"Shading Mode"},"sceneLighting":true,"audioPlay":false,"sceneViewState":{"showFog":true,"showMaterialUpdate":true,"showSkybox":true,"showFlares":true,"showImageEffects":true,"showParticleSystems":true},"in2DMode":false,"pivot":{"x":-0.4848799705505371,"y":3.7336220741271974,"z":-3.6381044387817385},"rotation":{"x":0.2052057981491089,"y":-0.25018784403800967,"z":0.0543629415333271,"w":0.9447011947631836},"size":0.9123727679252625,"orthographic":false}