{"cameraMode":{"drawMode":0,"name":"Shaded","section":"Shading Mode"},"sceneLighting":true,"audioPlay":false,"sceneViewState":{"showFog":true,"showMaterialUpdate":true,"showSkybox":true,"showFlares":true,"showImageEffects":true,"showParticleSystems":true},"in2DMode":false,"pivot":{"x":8.254150390625,"y":-5.191873073577881,"z":22.82764434814453},"rotation":{"x":-0.1185363233089447,"y":-0.09996772557497025,"z":0.011863799765706063,"w":-0.9879680275917053},"size":12.618690490722657,"orthographic":false}