{"cameraMode":{"drawMode":0,"name":"Shaded","section":"Shading Mode"},"sceneLighting":false,"audioPlay":false,"sceneViewState":{"showFog":true,"showMaterialUpdate":true,"showSkybox":false,"showFlares":true,"showImageEffects":true,"showParticleSystems":true},"in2DMode":false,"pivot":{"x":3.4249987602233888,"y":3.3423922061920168,"z":-4.284948348999023},"rotation":{"x":0.3019505441188812,"y":-0.483349472284317,"z":0.18206682801246644,"w":0.8013858199119568},"size":0.7094860672950745,"orthographic":false}