{"cameraMode":{"drawMode":0,"name":"Shaded","section":"Shading Mode"},"sceneLighting":true,"audioPlay":false,"sceneViewState":{"showFog":true,"showMaterialUpdate":true,"showSkybox":true,"showFlares":true,"showImageEffects":true,"showParticleSystems":true},"in2DMode":false,"pivot":{"x":-2.870497465133667,"y":-0.9247511029243469,"z":10.25778865814209},"rotation":{"x":0.27788272500038149,"y":0.388979971408844,"z":-0.12429140508174896,"w":0.8695395588874817},"size":3.6220011711120607,"orthographic":false}