{"cameraMode":{"drawMode":0,"name":"Shaded","section":"Shading Mode"},"sceneLighting":false,"audioPlay":false,"sceneViewState":{"showFog":true,"showMaterialUpdate":true,"showSkybox":true,"showFlares":true,"showImageEffects":true,"showParticleSystems":true},"in2DMode":false,"pivot":{"x":-12.767822265625,"y":-1.505859375,"z":-7.35205078125},"rotation":{"x":0.08574178069829941,"y":0.45062679052352908,"z":-0.0435386560857296,"w":0.8875359892845154},"size":6.709296226501465,"orthographic":true}