{"cameraMode":{"drawMode":0,"name":"Shaded","section":"Shading Mode"},"sceneLighting":true,"audioPlay":false,"sceneViewState":{"showFog":true,"showMaterialUpdate":true,"showSkybox":true,"showFlares":true,"showImageEffects":true,"showParticleSystems":true},"in2DMode":false,"pivot":{"x":-7.6308794021606449,"y":-5.447845458984375,"z":20.636716842651368},"rotation":{"x":-0.231970876455307,"y":0.04110197350382805,"z":-0.00984063372015953,"w":-0.9718352556228638},"size":10.0,"orthographic":false}