{"cameraMode":{"drawMode":0,"name":"Shaded","section":"Shading Mode"},"sceneLighting":true,"audioPlay":false,"sceneViewState":{"showFog":true,"showMaterialUpdate":true,"showSkybox":true,"showFlares":true,"showImageEffects":true,"showParticleSystems":true},"in2DMode":false,"pivot":{"x":-6.589546203613281,"y":-4.60624885559082,"z":-6.1070990562438969},"rotation":{"x":0.1909835785627365,"y":0.6658725738525391,"z":-0.18249748647212983,"w":0.6978554725646973},"size":1.843658208847046,"orthographic":false}