{"cameraMode":{"drawMode":0,"name":"Shaded","section":"Shading Mode"},"sceneLighting":true,"audioPlay":false,"sceneViewState":{"showFog":true,"showMaterialUpdate":true,"showSkybox":true,"showFlares":true,"showImageEffects":true,"showParticleSystems":true},"in2DMode":false,"pivot":{"x":-6.093667507171631,"y":1.3492155075073243,"z":1.2668880224227906},"rotation":{"x":-0.15824563801288606,"y":0.5839998126029968,"z":-0.11735957860946655,"w":-0.7874970436096191},"size":0.6154567003250122,"orthographic":false}