{"cameraMode":{"drawMode":0,"name":"Shaded","section":"Shading Mode"},"sceneLighting":true,"audioPlay":false,"sceneViewState":{"showFog":true,"showMaterialUpdate":true,"showSkybox":true,"showFlares":true,"showImageEffects":true,"showParticleSystems":true},"in2DMode":false,"pivot":{"x":-12.096734046936036,"y":-1.9298661947250367,"z":-8.429033279418946},"rotation":{"x":-0.20413725078105927,"y":-0.04701848700642586,"z":0.009776486083865166,"w":-0.9778227210044861},"size":0.44338011741638186,"orthographic":false}