{"cameraMode":{"drawMode":0,"name":"Shaded","section":"Shading Mode"},"sceneLighting":false,"audioPlay":false,"sceneViewState":{"showFog":true,"showMaterialUpdate":true,"showSkybox":true,"showFlares":true,"showImageEffects":true,"showParticleSystems":true},"in2DMode":false,"pivot":{"x":2.008312225341797,"y":1.575728178024292,"z":-4.432960510253906},"rotation":{"x":0.08649372309446335,"y":0.38461625576019289,"z":-0.036209750920534137,"w":0.91837477684021},"size":14.549225807189942,"orthographic":false}