{"cameraMode":{"drawMode":0,"name":"Shaded","section":"Shading Mode"},"sceneLighting":true,"audioPlay":false,"sceneViewState":{"showFog":true,"showMaterialUpdate":true,"showSkybox":true,"showFlares":true,"showImageEffects":true,"showParticleSystems":true},"in2DMode":false,"pivot":{"x":-15.72907829284668,"y":-5.990336894989014,"z":31.94546890258789},"rotation":{"x":-0.10455669462680817,"y":0.14564254879951478,"z":-0.015576599165797234,"w":-0.9837662577629089},"size":17.589900970458986,"orthographic":false}