{"cameraMode":{"drawMode":0,"name":"Shaded","section":"Shading Mode"},"sceneLighting":true,"audioPlay":false,"sceneViewState":{"showFog":true,"showMaterialUpdate":true,"showSkybox":true,"showFlares":true,"showImageEffects":true,"showParticleSystems":true},"in2DMode":false,"pivot":{"x":7.110000133514404,"y":0.9910377264022827,"z":8.760396957397461},"rotation":{"x":0.11853396147489548,"y":-0.010151227004826069,"z":0.0008670926908962429,"w":0.9929720759391785},"size":0.38110262155532839,"orthographic":false}