{"cameraMode":{"drawMode":0,"name":"Shaded","section":"Shading Mode"},"sceneLighting":false,"audioPlay":false,"sceneViewState":{"showFog":true,"showMaterialUpdate":true,"showSkybox":true,"showFlares":true,"showImageEffects":true,"showParticleSystems":true},"in2DMode":false,"pivot":{"x":-0.29665398597717287,"y":-0.0882716178894043,"z":1.500593662261963},"rotation":{"x":-0.30578961968421938,"y":-0.46029770374298098,"z":0.17268773913383485,"w":-0.8154292702674866},"size":3.580505609512329,"orthographic":false}