{"cameraMode":{"drawMode":0,"name":"Shaded","section":"Shading Mode"},"sceneLighting":false,"audioPlay":false,"sceneViewState":{"showFog":true,"showMaterialUpdate":true,"showSkybox":true,"showFlares":true,"showImageEffects":true,"showParticleSystems":true},"in2DMode":false,"pivot":{"x":-0.06534764170646668,"y":1.2569098472595215,"z":-2.0783116817474367},"rotation":{"x":-0.09087139368057251,"y":-0.17357096076011659,"z":0.01601318083703518,"w":-0.980534017086029},"size":0.26662975549697878,"orthographic":false}