{"cameraMode":{"drawMode":0,"name":"Shaded","section":"Shading Mode"},"sceneLighting":true,"audioPlay":false,"sceneViewState":{"showFog":true,"showMaterialUpdate":true,"showSkybox":true,"showFlares":true,"showImageEffects":true,"showParticleSystems":true},"in2DMode":false,"pivot":{"x":-13.840200424194336,"y":0.838132381439209,"z":20.980804443359376},"rotation":{"x":-0.012307669036090374,"y":0.2983713448047638,"z":-0.0038631483912467958,"w":-0.9544486999511719},"size":13.657958030700684,"orthographic":false}