{"cameraMode":{"drawMode":0,"name":"Shaded","section":"Shading Mode"},"sceneLighting":false,"audioPlay":false,"sceneViewState":{"showFog":true,"showMaterialUpdate":true,"showSkybox":false,"showFlares":true,"showImageEffects":true,"showParticleSystems":true},"in2DMode":false,"pivot":{"x":-2.0316574573516847,"y":0.9331670999526978,"z":-0.05434441566467285},"rotation":{"x":-0.2234003096818924,"y":-0.637174129486084,"z":0.200417622923851,"w":-0.7099522948265076},"size":2.412372350692749,"orthographic":false}