{"cameraMode":{"drawMode":0,"name":"Shaded","section":"Shading Mode"},"sceneLighting":true,"audioPlay":false,"sceneViewState":{"showFog":true,"showMaterialUpdate":true,"showSkybox":true,"showFlares":true,"showImageEffects":true,"showParticleSystems":true},"in2DMode":false,"pivot":{"x":-6.159925937652588,"y":-2.3105266094207765,"z":-6.107553482055664},"rotation":{"x":-0.05094544216990471,"y":-0.5645962357521057,"z":0.034935422241687778,"w":-0.8230984807014465},"size":3.2466037273406984,"orthographic":false}