{"cameraMode":{"drawMode":0,"name":"Shaded","section":"Shading Mode"},"sceneLighting":true,"audioPlay":false,"sceneViewState":{"showFog":true,"showMaterialUpdate":true,"showSkybox":true,"showFlares":true,"showImageEffects":true,"showParticleSystems":true},"in2DMode":false,"pivot":{"x":-1.5382524728775025,"y":-0.16712069511413575,"z":2.359846591949463},"rotation":{"x":-0.23047439754009248,"y":0.21876229345798493,"z":-0.0532662495970726,"w":-0.9466845989227295},"size":4.515456676483154,"orthographic":false}