{"cameraMode":{"drawMode":0,"name":"Shaded","section":"Shading Mode"},"sceneLighting":true,"audioPlay":false,"sceneViewState":{"showFog":true,"showMaterialUpdate":true,"showSkybox":true,"showFlares":true,"showImageEffects":true,"showParticleSystems":true},"in2DMode":false,"pivot":{"x":0.3857680559158325,"y":-0.35596632957458498,"z":2.997274398803711},"rotation":{"x":0.3299546539783478,"y":-0.16866177320480348,"z":0.06004243716597557,"w":0.926869809627533},"size":5.287696838378906,"orthographic":false}