{"cameraMode":{"drawMode":0,"name":"Shaded","section":"Shading Mode"},"sceneLighting":true,"audioPlay":false,"sceneViewState":{"showFog":true,"showMaterialUpdate":true,"showSkybox":true,"showFlares":true,"showImageEffects":true,"showParticleSystems":true},"in2DMode":false,"pivot":{"x":3.3299999237060549,"y":1.0,"z":-3.3399999141693117},"rotation":{"x":0.21108576655387879,"y":-0.5697596073150635,"z":0.1539698988199234,"w":0.7793146371841431},"size":2.112372398376465,"orthographic":false}