{"cameraMode":{"drawMode":0,"name":"Shaded","section":"Shading Mode"},"sceneLighting":true,"audioPlay":false,"sceneViewState":{"showFog":true,"showMaterialUpdate":true,"showSkybox":true,"showFlares":true,"showImageEffects":true,"showParticleSystems":true},"in2DMode":false,"pivot":{"x":16.945213317871095,"y":-13.078521728515625,"z":16.737058639526368},"rotation":{"x":0.27252042293548586,"y":0.28543734550476076,"z":-0.08502040803432465,"w":0.9149019122123718},"size":15.017550468444825,"orthographic":false}