{"cameraMode":{"drawMode":0,"name":"Shaded","section":"Shading Mode"},"sceneLighting":false,"audioPlay":false,"sceneViewState":{"showFog":true,"showMaterialUpdate":true,"showSkybox":true,"showFlares":true,"showImageEffects":true,"showParticleSystems":true},"in2DMode":false,"pivot":{"x":5.400000095367432,"y":1.3899999856948853,"z":-0.14695383608341218},"rotation":{"x":-0.06642088294029236,"y":-0.7296290397644043,"z":0.07158690690994263,"w":-0.676851749420166},"size":1.7811012268066407,"orthographic":false}