{"cameraMode":{"drawMode":0,"name":"Shaded","section":"Shading Mode"},"sceneLighting":false,"audioPlay":false,"sceneViewState":{"showFog":true,"showMaterialUpdate":true,"showSkybox":false,"showFlares":true,"showImageEffects":true,"showParticleSystems":true},"in2DMode":false,"pivot":{"x":-2.201000213623047,"y":1.3819999694824219,"z":0.38499975204467776},"rotation":{"x":0.08428117632865906,"y":-0.6886667609214783,"z":0.0812201052904129,"w":0.7156556248664856},"size":0.39460283517837527,"orthographic":false}