{"cameraMode":{"drawMode":0,"name":"Shaded","section":"Shading Mode"},"sceneLighting":false,"audioPlay":false,"sceneViewState":{"showFog":true,"showMaterialUpdate":true,"showSkybox":true,"showFlares":true,"showImageEffects":true,"showParticleSystems":true},"in2DMode":false,"pivot":{"x":-2.9128379821777345,"y":-7.719538688659668,"z":18.54943084716797},"rotation":{"x":-0.10122530162334442,"y":0.8937798142433167,"z":-0.2548905909061432,"w":-0.35492563247680666},"size":30.727340698242189,"orthographic":false}