{"cameraMode":{"drawMode":0,"name":"Shaded","section":"Shading Mode"},"sceneLighting":true,"audioPlay":false,"sceneViewState":{"showFog":true,"showMaterialUpdate":true,"showSkybox":false,"showFlares":true,"showImageEffects":true,"showParticleSystems":true},"in2DMode":false,"pivot":{"x":-2.1404762268066408,"y":0.14737117290496827,"z":-0.5032719373703003},"rotation":{"x":-0.011764789931476117,"y":-0.9863288402557373,"z":0.1439235806465149,"w":-0.08034063130617142},"size":1.4467434883117676,"orthographic":false}