{"cameraMode":{"drawMode":0,"name":"Shaded","section":"Shading Mode"},"sceneLighting":false,"audioPlay":false,"sceneViewState":{"showFog":true,"showMaterialUpdate":true,"showSkybox":true,"showFlares":true,"showImageEffects":true,"showParticleSystems":true},"in2DMode":false,"pivot":{"x":3.2633912563323976,"y":2.120701789855957,"z":0.18662810325622559},"rotation":{"x":-0.21549326181411744,"y":-0.32866936922073367,"z":0.07737942785024643,"w":-0.9163388013839722},"size":1.194359302520752,"orthographic":false}