{"cameraMode":{"drawMode":0,"name":"Shaded","section":"Shading Mode"},"sceneLighting":true,"audioPlay":false,"sceneViewState":{"showFog":true,"showMaterialUpdate":true,"showSkybox":true,"showFlares":true,"showImageEffects":true,"showParticleSystems":true},"in2DMode":false,"pivot":{"x":-3.3378615379333498,"y":0.6553332805633545,"z":10.921442985534668},"rotation":{"x":0.1511722207069397,"y":0.194658562541008,"z":-0.030376752838492395,"w":0.9686926603317261},"size":4.084053039550781,"orthographic":false}