{"cameraMode":{"drawMode":0,"name":"Shaded","section":"Shading Mode"},"sceneLighting":false,"audioPlay":false,"sceneViewState":{"showFog":true,"showMaterialUpdate":true,"showSkybox":true,"showFlares":true,"showImageEffects":true,"showParticleSystems":true},"in2DMode":false,"pivot":{"x":-5.639999866485596,"y":1.0,"z":3.4000000953674318},"rotation":{"x":0.15090803802013398,"y":0.29886314272880556,"z":-0.04792249947786331,"w":0.9410911202430725},"size":4.81237268447876,"orthographic":false}