{"cameraMode":{"drawMode":0,"name":"Shaded","section":"Shading Mode"},"sceneLighting":true,"audioPlay":false,"sceneViewState":{"showFog":true,"showMaterialUpdate":true,"showSkybox":true,"showFlares":true,"showImageEffects":true,"showParticleSystems":true},"in2DMode":false,"pivot":{"x":-0.8845816850662231,"y":1.3731807470321656,"z":1.4285087585449219},"rotation":{"x":0.2023823857307434,"y":0.35479721426963808,"z":-0.07901517301797867,"w":0.9093813896179199},"size":9.595477104187012,"orthographic":false}