{"cameraMode":{"drawMode":0,"name":"Shaded","section":"Shading Mode"},"sceneLighting":false,"audioPlay":false,"sceneViewState":{"showFog":true,"showMaterialUpdate":true,"showSkybox":false,"showFlares":true,"showImageEffects":true,"showParticleSystems":true},"in2DMode":false,"pivot":{"x":-2.0316574573516847,"y":0.9331670999526978,"z":-0.05434441566467285},"rotation":{"x":-0.058093611150979999,"y":-0.6834397315979004,"z":0.05460372939705849,"w":-0.7257053852081299},"size":1.2123725414276124,"orthographic":false}