{"cameraMode":{"drawMode":0,"name":"Shaded","section":"Shading Mode"},"sceneLighting":true,"audioPlay":false,"sceneViewState":{"showFog":true,"showMaterialUpdate":true,"showSkybox":true,"showFlares":true,"showImageEffects":true,"showParticleSystems":true},"in2DMode":false,"pivot":{"x":1.518864631652832,"y":-0.9481573104858398,"z":2.536249876022339},"rotation":{"x":0.3166049122810364,"y":-0.4118756949901581,"z":0.15519878268241883,"w":0.8403685092926025},"size":8.437997817993164,"orthographic":false}