{"cameraMode":{"drawMode":0,"name":"Shaded","section":"Shading Mode"},"sceneLighting":false,"audioPlay":false,"sceneViewState":{"showFog":true,"showMaterialUpdate":true,"showSkybox":false,"showFlares":true,"showImageEffects":true,"showParticleSystems":true},"in2DMode":false,"pivot":{"x":-0.39851808547973635,"y":0.7722361087799072,"z":-0.12238627672195435},"rotation":{"x":-0.05198988318443298,"y":-0.6762367486953735,"z":0.04799186438322067,"w":-0.7333490252494812},"size":0.6179624795913696,"orthographic":false}