{"cameraMode":{"drawMode":0,"name":"Shaded","section":"Shading Mode"},"sceneLighting":true,"audioPlay":false,"sceneViewState":{"showFog":true,"showMaterialUpdate":true,"showSkybox":true,"showFlares":true,"showImageEffects":true,"showParticleSystems":true},"in2DMode":false,"pivot":{"x":-18.271818161010743,"y":-15.478348731994629,"z":36.08566665649414},"rotation":{"x":0.18930184841156007,"y":-0.22798743844032288,"z":0.04538688063621521,"w":0.9541052579879761},"size":24.18332862854004,"orthographic":false}