{"cameraMode":{"drawMode":0,"name":"Shaded","section":"Shading Mode"},"sceneLighting":true,"audioPlay":false,"sceneViewState":{"showFog":true,"showMaterialUpdate":true,"showSkybox":true,"showFlares":true,"showImageEffects":true,"showParticleSystems":true},"in2DMode":false,"pivot":{"x":-12.253989219665528,"y":-1.6658883094787598,"z":-1.5932060480117798},"rotation":{"x":0.045294929295778278,"y":-0.016722550615668298,"z":0.0005923653370700777,"w":0.9989323616027832},"size":4.4069132804870609,"orthographic":false}