{"cameraMode":{"drawMode":0,"name":"Shaded","section":"Shading Mode"},"sceneLighting":true,"audioPlay":false,"sceneViewState":{"showFog":true,"showMaterialUpdate":true,"showSkybox":true,"showFlares":true,"showImageEffects":true,"showParticleSystems":true},"in2DMode":false,"pivot":{"x":-12.479376792907715,"y":-1.5975359678268433,"z":-11.65050983428955},"rotation":{"x":0.021985532715916635,"y":0.9574905037879944,"z":-0.07663564383983612,"w":0.2774049937725067},"size":2.077662229537964,"orthographic":false}