{"cameraMode":{"drawMode":0,"name":"Shaded","section":"Shading Mode"},"sceneLighting":false,"audioPlay":false,"sceneViewState":{"showFog":true,"showMaterialUpdate":true,"showSkybox":true,"showFlares":true,"showImageEffects":true,"showParticleSystems":true},"in2DMode":false,"pivot":{"x":1.4659905433654786,"y":0.7138268947601318,"z":-1.8807449340820313},"rotation":{"x":0.1804971843957901,"y":0.4076818823814392,"z":-0.0825604572892189,"w":0.8912917971611023},"size":2.412372350692749,"orthographic":false}