{"cameraMode":{"drawMode":0,"name":"Shaded","section":"Shading Mode"},"sceneLighting":true,"audioPlay":false,"sceneViewState":{"showFog":true,"showMaterialUpdate":true,"showSkybox":true,"showFlares":true,"showImageEffects":true,"showParticleSystems":true},"in2DMode":false,"pivot":{"x":44.939571380615237,"y":-41.20905303955078,"z":21.772247314453126},"rotation":{"x":-0.2856164276599884,"y":-0.4266511797904968,"z":0.14460325241088868,"w":-0.8460711240768433},"size":44.93049240112305,"orthographic":false}