{"cameraMode":{"drawMode":0,"name":"Shaded","section":"Shading Mode"},"sceneLighting":true,"audioPlay":false,"sceneViewState":{"showFog":true,"showMaterialUpdate":true,"showSkybox":true,"showFlares":true,"showImageEffects":true,"showParticleSystems":true},"in2DMode":false,"pivot":{"x":-119.71321868896485,"y":-73.69232177734375,"z":71.6605453491211},"rotation":{"x":0.22301363945007325,"y":-0.47125375270843508,"z":0.12459270656108856,"w":0.8442348837852478},"size":79.5075454711914,"orthographic":false}