{"cameraMode":{"drawMode":0,"name":"Shaded","section":"Shading Mode"},"sceneLighting":false,"audioPlay":false,"sceneViewState":{"showFog":true,"showMaterialUpdate":true,"showSkybox":false,"showFlares":true,"showImageEffects":true,"showParticleSystems":true},"in2DMode":false,"pivot":{"x":0.4856807589530945,"y":0.614666223526001,"z":0.549635648727417},"rotation":{"x":0.04271376132965088,"y":0.5515068769454956,"z":-0.028395086526870729,"w":0.8326693177223206},"size":0.9660294055938721,"orthographic":false}