{"cameraMode":{"drawMode":0,"name":"Shaded","section":"Shading Mode"},"sceneLighting":true,"audioPlay":false,"sceneViewState":{"showFog":true,"showMaterialUpdate":true,"showSkybox":true,"showFlares":true,"showImageEffects":true,"showParticleSystems":true},"in2DMode":false,"pivot":{"x":-9.944133758544922,"y":-5.761975288391113,"z":-23.523008346557618},"rotation":{"x":-0.039196304976940158,"y":0.9600584506988525,"z":-0.16897577047348023,"w":-0.2204904705286026},"size":12.43658447265625,"orthographic":false}