{"cameraMode":{"drawMode":0,"name":"Shaded","section":"Shading Mode"},"sceneLighting":false,"audioPlay":false,"sceneViewState":{"showFog":true,"showMaterialUpdate":true,"showSkybox":true,"showFlares":true,"showImageEffects":true,"showParticleSystems":true},"in2DMode":false,"pivot":{"x":-12.42000675201416,"y":-1.7633949518203736,"z":-5.535823822021484},"rotation":{"x":-0.04974013566970825,"y":-0.045289646834135059,"z":0.002293607220053673,"w":-0.9978156685829163},"size":2.3550820350646974,"orthographic":false}