{"cameraMode":{"drawMode":0,"name":"Shaded","section":"Shading Mode"},"sceneLighting":true,"audioPlay":false,"sceneViewState":{"showFog":true,"showMaterialUpdate":true,"showSkybox":true,"showFlares":true,"showImageEffects":true,"showParticleSystems":true},"in2DMode":false,"pivot":{"x":0.20348501205444337,"y":-8.659839630126954,"z":-17.86639404296875},"rotation":{"x":0.013273940421640873,"y":-0.97385573387146,"z":0.21921423077583314,"w":0.05972063168883324},"size":12.6391019821167,"orthographic":false}