{"cameraMode":{"drawMode":0,"name":"Shaded","section":"Shading Mode"},"sceneLighting":false,"audioPlay":false,"sceneViewState":{"showFog":true,"showMaterialUpdate":true,"showSkybox":true,"showFlares":true,"showImageEffects":true,"showParticleSystems":true},"in2DMode":false,"pivot":{"x":2.662623882293701,"y":0.5092905759811401,"z":-0.905903160572052},"rotation":{"x":-0.1934298425912857,"y":-0.468009352684021,"z":0.10584921389818192,"w":-0.8558568358421326},"size":3.1514527797698976,"orthographic":false}