{"cameraMode":{"drawMode":0,"name":"Shaded","section":"Shading Mode"},"sceneLighting":true,"audioPlay":false,"sceneViewState":{"showFog":true,"showMaterialUpdate":true,"showSkybox":true,"showFlares":true,"showImageEffects":true,"showParticleSystems":true},"in2DMode":false,"pivot":{"x":0.21454142034053803,"y":0.3053736090660095,"z":0.2839493155479431},"rotation":{"x":0.19994951784610749,"y":0.011735224165022374,"z":-0.0025079252663999798,"w":0.9797954559326172},"size":0.9270316958427429,"orthographic":false}