{"cameraMode":{"drawMode":0,"name":"Shaded","section":"Shading Mode"},"sceneLighting":false,"audioPlay":false,"sceneViewState":{"showFog":true,"showMaterialUpdate":true,"showSkybox":true,"showFlares":true,"showImageEffects":true,"showParticleSystems":true},"in2DMode":false,"pivot":{"x":-15.871380805969239,"y":-4.3198957443237309,"z":10.377242088317871},"rotation":{"x":-0.15635696053504945,"y":0.3075641989707947,"z":-0.05130918323993683,"w":-0.9372081160545349},"size":7.652736663818359,"orthographic":false}