{"cameraMode":{"drawMode":0,"name":"Shaded","section":"Shading Mode"},"sceneLighting":false,"audioPlay":false,"sceneViewState":{"showFog":true,"showMaterialUpdate":true,"showSkybox":true,"showFlares":true,"showImageEffects":true,"showParticleSystems":true},"in2DMode":false,"pivot":{"x":-12.978273391723633,"y":-7.603645324707031,"z":17.0842227935791},"rotation":{"x":-0.2884647846221924,"y":0.27823406457901,"z":-0.0879138857126236,"w":-0.9120295643806458},"size":18.57877540588379,"orthographic":false}