{"cameraMode":{"drawMode":0,"name":"Shaded","section":"Shading Mode"},"sceneLighting":false,"audioPlay":false,"sceneViewState":{"showFog":true,"showMaterialUpdate":true,"showSkybox":true,"showFlares":true,"showImageEffects":true,"showParticleSystems":true},"in2DMode":false,"pivot":{"x":1.9007995128631592,"y":0.713308572769165,"z":-4.391047477722168},"rotation":{"x":0.18061769008636475,"y":-0.8029427528381348,"z":0.3008343577384949,"w":0.4819534122943878},"size":0.8644272685050964,"orthographic":false}