{"cameraMode":{"drawMode":0,"name":"Shaded","section":"Shading Mode"},"sceneLighting":true,"audioPlay":false,"sceneViewState":{"showFog":true,"showMaterialUpdate":true,"showSkybox":true,"showFlares":true,"showImageEffects":true,"showParticleSystems":true},"in2DMode":false,"pivot":{"x":0.7905640602111816,"y":-1.6474218368530274,"z":1.9205944538116456},"rotation":{"x":0.4161785840988159,"y":-0.5454443693161011,"z":0.35934218764305117,"w":0.6325815320014954},"size":8.335014343261719,"orthographic":false}