{"cameraMode":{"drawMode":0,"name":"Shaded","section":"Shading Mode"},"sceneLighting":true,"audioPlay":false,"sceneViewState":{"showFog":true,"showMaterialUpdate":true,"showSkybox":true,"showFlares":true,"showImageEffects":true,"showParticleSystems":true},"in2DMode":false,"pivot":{"x":-100.18832397460938,"y":-320.93170166015627,"z":-127.69847869873047},"rotation":{"x":-0.18955934047698975,"y":0.7930561304092407,"z":-0.49196887016296389,"w":-0.3052419126033783},"size":183.76260375976563,"orthographic":false}