{"cameraMode":{"drawMode":0,"name":"Shaded","section":"Shading Mode"},"sceneLighting":true,"audioPlay":false,"sceneViewState":{"showFog":true,"showMaterialUpdate":true,"showSkybox":true,"showFlares":true,"showImageEffects":true,"showParticleSystems":true},"in2DMode":false,"pivot":{"x":-10.460988998413086,"y":-1.2400016784667969,"z":-2.479999542236328},"rotation":{"x":-0.06409747153520584,"y":-0.880181610584259,"z":0.45355477929115298,"w":-0.12438946962356568},"size":102.86302185058594,"orthographic":false}