{"cameraMode":{"drawMode":0,"name":"Shaded","section":"Shading Mode"},"sceneLighting":true,"audioPlay":false,"sceneViewState":{"showFog":true,"showMaterialUpdate":true,"showSkybox":true,"showFlares":true,"showImageEffects":true,"showParticleSystems":true},"in2DMode":false,"pivot":{"x":-1.017776370048523,"y":4.7455220222473148,"z":4.69139289855957},"rotation":{"x":-0.16308221220970155,"y":0.02327066846191883,"z":-0.0031936168670654299,"w":-0.9865630269050598},"size":1.9463210105895997,"orthographic":false}