{"cameraMode":{"drawMode":0,"name":"Shaded","section":"Shading Mode"},"sceneLighting":true,"audioPlay":false,"sceneViewState":{"showFog":true,"showMaterialUpdate":true,"showSkybox":true,"showFlares":true,"showImageEffects":true,"showParticleSystems":true},"in2DMode":false,"pivot":{"x":-99.9265365600586,"y":-36.31370544433594,"z":80.5008316040039},"rotation":{"x":0.13768184185028077,"y":-0.4087730050086975,"z":0.06256678700447083,"w":0.9000402092933655},"size":65.41130065917969,"orthographic":false}