{"cameraMode":{"drawMode":0,"name":"Shaded","section":"Shading Mode"},"sceneLighting":true,"audioPlay":false,"sceneViewState":{"showFog":true,"showMaterialUpdate":true,"showSkybox":true,"showFlares":true,"showImageEffects":true,"showParticleSystems":true},"in2DMode":false,"pivot":{"x":-29.07734489440918,"y":-13.561677932739258,"z":10.88548469543457},"rotation":{"x":0.19748882949352265,"y":-0.6227380037307739,"z":0.16657425463199616,"w":0.7386083602905273},"size":18.619659423828126,"orthographic":false}