{"cameraMode":{"drawMode":0,"name":"Shaded","section":"Shading Mode"},"sceneLighting":false,"audioPlay":false,"sceneViewState":{"showFog":true,"showMaterialUpdate":true,"showSkybox":false,"showFlares":true,"showImageEffects":true,"showParticleSystems":true},"in2DMode":false,"pivot":{"x":0.015541126020252705,"y":0.5357745885848999,"z":-0.397216796875},"rotation":{"x":0.3279914855957031,"y":0.6243762969970703,"z":-0.32506218552589419,"w":0.6300238966941834},"size":1.6392725706100464,"orthographic":true}