{"cameraMode":{"drawMode":0,"name":"Shaded","section":"Shading Mode"},"sceneLighting":true,"audioPlay":false,"sceneViewState":{"showFog":true,"showMaterialUpdate":true,"showSkybox":true,"showFlares":true,"showImageEffects":true,"showParticleSystems":true},"in2DMode":false,"pivot":{"x":5.960464477539063e-8,"y":1.4100000858306885,"z":5.380000114440918},"rotation":{"x":-0.186444491147995,"y":0.052139170467853549,"z":-0.009909028187394143,"w":-0.9810311794281006},"size":1.2369616031646729,"orthographic":false}