{"cameraMode":{"drawMode":0,"name":"Shaded","section":"Shading Mode"},"sceneLighting":true,"audioPlay":false,"sceneViewState":{"showFog":true,"showMaterialUpdate":true,"showSkybox":true,"showFlares":true,"showImageEffects":true,"showParticleSystems":true},"in2DMode":false,"pivot":{"x":1.0994080305099488,"y":0.318087100982666,"z":3.3256006240844728},"rotation":{"x":0.1473255455493927,"y":0.11101821810007096,"z":-0.016644977033138276,"w":0.982705295085907},"size":3.0109782218933107,"orthographic":false}