{"cameraMode":{"drawMode":0,"name":"Shaded","section":"Shading Mode"},"sceneLighting":true,"audioPlay":false,"sceneViewState":{"showFog":true,"showMaterialUpdate":true,"showSkybox":true,"showFlares":true,"showImageEffects":true,"showParticleSystems":true},"in2DMode":false,"pivot":{"x":57.39402770996094,"y":-30.185302734375,"z":24.64449691772461},"rotation":{"x":-0.18233096599578858,"y":-0.5771947503089905,"z":0.13410601019859315,"w":-0.7846484780311585},"size":38.56500244140625,"orthographic":false}