{"cameraMode":{"drawMode":0,"name":"Shaded","section":"Shading Mode"},"sceneLighting":false,"audioPlay":false,"sceneViewState":{"showFog":true,"showMaterialUpdate":true,"showSkybox":false,"showFlares":true,"showImageEffects":true,"showParticleSystems":true},"in2DMode":false,"pivot":{"x":-2.0316574573516847,"y":0.9331670999526978,"z":-0.05434441566467285},"rotation":{"x":-0.05860953778028488,"y":-0.7161722183227539,"z":0.060470327734947208,"w":-0.6928969621658325},"size":2.712372303009033,"orthographic":false}