{"cameraMode":{"drawMode":0,"name":"Shaded","section":"Shading Mode"},"sceneLighting":false,"audioPlay":false,"sceneViewState":{"showFog":true,"showMaterialUpdate":true,"showSkybox":true,"showFlares":true,"showImageEffects":true,"showParticleSystems":true},"in2DMode":false,"pivot":{"x":-0.2272963523864746,"y":3.0314888954162599,"z":1.081125259399414},"rotation":{"x":0.20295694470405579,"y":-0.10231947898864746,"z":0.021268831565976144,"w":0.9736566543579102},"size":4.805640697479248,"orthographic":false}