{"cameraMode":{"drawMode":0,"name":"Shaded","section":"Shading Mode"},"sceneLighting":true,"audioPlay":false,"sceneViewState":{"showFog":true,"showMaterialUpdate":true,"showSkybox":true,"showFlares":true,"showImageEffects":true,"showParticleSystems":true},"in2DMode":false,"pivot":{"x":-18.81060791015625,"y":-16.345458984375,"z":15.307096481323243},"rotation":{"x":-0.30593737959861758,"y":0.348214328289032,"z":-0.12151797115802765,"w":-0.877866804599762},"size":14.376593589782715,"orthographic":false}