{"cameraMode":{"drawMode":0,"name":"Shaded","section":"Shading Mode"},"sceneLighting":false,"audioPlay":false,"sceneViewState":{"showFog":true,"showMaterialUpdate":true,"showSkybox":false,"showFlares":true,"showImageEffects":true,"showParticleSystems":true},"in2DMode":false,"pivot":{"x":-0.013965457677841187,"y":0.09070923924446106,"z":-0.09177032113075257},"rotation":{"x":-0.04261764511466026,"y":-0.7757739424705505,"z":0.05268094688653946,"w":-0.6274271011352539},"size":1.0181760787963868,"orthographic":false}