{"cameraMode":{"drawMode":0,"name":"Shaded","section":"Shading Mode"},"sceneLighting":false,"audioPlay":false,"sceneViewState":{"showFog":true,"showMaterialUpdate":true,"showSkybox":false,"showFlares":true,"showImageEffects":true,"showParticleSystems":true},"in2DMode":false,"pivot":{"x":0.3165593147277832,"y":-0.05441352352499962,"z":-0.09220144152641297},"rotation":{"x":-0.04998704791069031,"y":0.7451773881912231,"z":-0.056239038705825809,"w":-0.6627079248428345},"size":0.4821825325489044,"orthographic":false}