{"cameraMode":{"drawMode":0,"name":"Shaded","section":"Shading Mode"},"sceneLighting":false,"audioPlay":false,"sceneViewState":{"showFog":true,"showMaterialUpdate":true,"showSkybox":false,"showFlares":true,"showImageEffects":true,"showParticleSystems":true},"in2DMode":false,"pivot":{"x":-7.450580596923828e-9,"y":0.08820462226867676,"z":-1.4901161193847657e-8},"rotation":{"x":-0.23566527664661408,"y":0.06904695183038712,"z":-0.016710739582777025,"w":-0.9692875146865845},"size":0.40521112084388735,"orthographic":false}