{"cameraMode":{"drawMode":0,"name":"Shaded","section":"Shading Mode"},"sceneLighting":true,"audioPlay":false,"sceneViewState":{"showFog":true,"showMaterialUpdate":true,"showSkybox":true,"showFlares":true,"showImageEffects":true,"showParticleSystems":true},"in2DMode":false,"pivot":{"x":-4.012471675872803,"y":2.631457805633545,"z":22.627931594848634},"rotation":{"x":0.0011884118430316449,"y":-0.025223180651664735,"z":-0.000058940167946275324,"w":-0.9997121691703796},"size":9.193376541137696,"orthographic":false}