{"cameraMode":{"drawMode":0,"name":"Shaded","section":"Shading Mode"},"sceneLighting":false,"audioPlay":false,"sceneViewState":{"showFog":true,"showMaterialUpdate":true,"showSkybox":true,"showFlares":true,"showImageEffects":true,"showParticleSystems":true},"in2DMode":false,"pivot":{"x":-18.608091354370118,"y":-4.506633281707764,"z":2.1923234462738039},"rotation":{"x":-0.16187423467636109,"y":0.5903390049934387,"z":-0.1223209947347641,"w":-0.7812515497207642},"size":6.749479293823242,"orthographic":false}