{"cameraMode":{"drawMode":0,"name":"Shaded","section":"Shading Mode"},"sceneLighting":false,"audioPlay":false,"sceneViewState":{"showFog":true,"showMaterialUpdate":true,"showSkybox":false,"showFlares":true,"showImageEffects":true,"showParticleSystems":true},"in2DMode":false,"pivot":{"x":-0.6758822202682495,"y":0.9617440700531006,"z":0.28885599970817568},"rotation":{"x":-0.14243276417255402,"y":-0.6661161184310913,"z":0.13183265924453736,"w":-0.7202219367027283},"size":0.6179624795913696,"orthographic":false}