{"cameraMode":{"drawMode":0,"name":"Shaded","section":"Shading Mode"},"sceneLighting":true,"audioPlay":false,"sceneViewState":{"showFog":true,"showMaterialUpdate":true,"showSkybox":true,"showFlares":true,"showImageEffects":true,"showParticleSystems":true},"in2DMode":false,"pivot":{"x":-10.455388069152832,"y":0.0520842969417572,"z":0.7829089760780335},"rotation":{"x":-0.18286164104938508,"y":0.28669169545173647,"z":-0.05570223554968834,"w":-0.9389181137084961},"size":2.327467679977417,"orthographic":false}