{"cameraMode":{"drawMode":0,"name":"Shaded","section":"Shading Mode"},"sceneLighting":true,"audioPlay":false,"sceneViewState":{"showFog":true,"showMaterialUpdate":true,"showSkybox":true,"showFlares":true,"showImageEffects":true,"showParticleSystems":true},"in2DMode":false,"pivot":{"x":-23.559616088867189,"y":-6.563506603240967,"z":-0.9960433840751648},"rotation":{"x":-0.14625239372253419,"y":0.7039944529533386,"z":-0.15184321999549867,"w":-0.678309977054596},"size":9.85800838470459,"orthographic":false}