{"cameraMode":{"drawMode":0,"name":"Shaded","section":"Shading Mode"},"sceneLighting":true,"audioPlay":false,"sceneViewState":{"showFog":true,"showMaterialUpdate":true,"showSkybox":true,"showFlares":true,"showImageEffects":true,"showParticleSystems":true},"in2DMode":false,"pivot":{"x":-13.091890335083008,"y":-8.291255950927735,"z":41.91787338256836},"rotation":{"x":-0.0797264352440834,"y":0.00838154461234808,"z":-0.0006902232998982072,"w":-0.9968414902687073},"size":24.981782913208009,"orthographic":false}