{"cameraMode":{"drawMode":0,"name":"Shaded","section":"Shading Mode"},"sceneLighting":true,"audioPlay":false,"sceneViewState":{"showFog":true,"showMaterialUpdate":true,"showSkybox":true,"showFlares":true,"showImageEffects":true,"showParticleSystems":true},"in2DMode":false,"pivot":{"x":-1.856144905090332,"y":0.0,"z":3.809389114379883},"rotation":{"x":-0.17559979856014253,"y":0.15638847649097444,"z":-0.028260093182325364,"w":-0.9715566635131836},"size":3.878854513168335,"orthographic":false}