{"cameraMode":{"drawMode":0,"name":"Shaded","section":"Shading Mode"},"sceneLighting":true,"audioPlay":false,"sceneViewState":{"showFog":true,"showMaterialUpdate":true,"showSkybox":true,"showFlares":true,"showImageEffects":true,"showParticleSystems":true},"in2DMode":false,"pivot":{"x":-9.76036548614502,"y":-2.144479751586914,"z":4.159092903137207},"rotation":{"x":-0.20876260101795197,"y":0.4365366995334625,"z":-0.10488982498645783,"w":-0.8688305020332336},"size":5.206910133361816,"orthographic":false}