{"cameraMode":{"drawMode":0,"name":"Shaded","section":"Shading Mode"},"sceneLighting":true,"audioPlay":false,"sceneViewState":{"showFog":true,"showMaterialUpdate":true,"showSkybox":true,"showFlares":true,"showImageEffects":true,"showParticleSystems":true},"in2DMode":false,"pivot":{"x":7.207764148712158,"y":-0.707456111907959,"z":17.818506240844728},"rotation":{"x":0.08122000843286514,"y":0.007769611198455095,"z":-0.0009626205428503454,"w":0.9967594146728516},"size":5.2186689376831059,"orthographic":false}