{"cameraMode":{"drawMode":0,"name":"Shaded","section":"Shading Mode"},"sceneLighting":false,"audioPlay":false,"sceneViewState":{"showFog":true,"showMaterialUpdate":true,"showSkybox":true,"showFlares":true,"showImageEffects":true,"showParticleSystems":true},"in2DMode":false,"pivot":{"x":5.400000095367432,"y":1.3899999856948853,"z":-0.14695383608341218},"rotation":{"x":-0.045203182846307757,"y":-0.6128683090209961,"z":0.03518148511648178,"w":-0.7881796956062317},"size":3.5811009407043459,"orthographic":false}