{"cameraMode":{"drawMode":0,"name":"Shaded","section":"Shading Mode"},"sceneLighting":true,"audioPlay":false,"sceneViewState":{"showFog":true,"showMaterialUpdate":true,"showSkybox":true,"showFlares":true,"showImageEffects":true,"showParticleSystems":true},"in2DMode":false,"pivot":{"x":1.745311975479126,"y":-1.7372856140136719,"z":1.6976337432861329},"rotation":{"x":0.2762065529823303,"y":-0.3071039021015167,"z":0.09332418441772461,"w":0.9060337543487549},"size":5.508892059326172,"orthographic":false}