{"cameraMode":{"drawMode":0,"name":"Shaded","section":"Shading Mode"},"sceneLighting":true,"audioPlay":false,"sceneViewState":{"showFog":true,"showMaterialUpdate":true,"showSkybox":true,"showFlares":true,"showImageEffects":true,"showParticleSystems":true},"in2DMode":false,"pivot":{"x":-4.063450813293457,"y":7.553140163421631,"z":15.786619186401368},"rotation":{"x":0.0869055688381195,"y":0.12049566209316254,"z":0.010231849737465382,"w":-0.9890040755271912},"size":16.958812713623048,"orthographic":false}