{"cameraMode":{"drawMode":0,"name":"Shaded","section":"Shading Mode"},"sceneLighting":false,"audioPlay":false,"sceneViewState":{"showFog":true,"showMaterialUpdate":true,"showSkybox":false,"showFlares":true,"showImageEffects":true,"showParticleSystems":true},"in2DMode":false,"pivot":{"x":-2.9802322387695315e-8,"y":0.8995565176010132,"z":-3.129243850708008e-7},"rotation":{"x":0.0030623041093349458,"y":0.7604868412017822,"z":-0.0037104201037436725,"w":0.6494331955909729},"size":0.9660294055938721,"orthographic":false}