{"cameraMode":{"drawMode":0,"name":"Shaded","section":"Shading Mode"},"sceneLighting":false,"audioPlay":false,"sceneViewState":{"showFog":true,"showMaterialUpdate":true,"showSkybox":false,"showFlares":true,"showImageEffects":true,"showParticleSystems":true},"in2DMode":false,"pivot":{"x":-2.2428770065307619,"y":0.5049999952316284,"z":-3.6585874557495119},"rotation":{"x":0.42836692929267886,"y":0.1991097629070282,"z":-0.09736480563879013,"w":0.8760047554969788},"size":0.6392017602920532,"orthographic":false}