{"cameraMode":{"drawMode":0,"name":"Shaded","section":"Shading Mode"},"sceneLighting":true,"audioPlay":false,"sceneViewState":{"showFog":true,"showMaterialUpdate":true,"showSkybox":true,"showFlares":true,"showImageEffects":true,"showParticleSystems":true},"in2DMode":false,"pivot":{"x":-13.164027214050293,"y":-4.261899471282959,"z":-1.3062188625335694},"rotation":{"x":-0.18354348838329316,"y":0.047750815749168399,"z":-0.008926857262849808,"w":-0.9818180799484253},"size":3.93046498298645,"orthographic":false}