{"cameraMode":{"drawMode":0,"name":"Shaded","section":"Shading Mode"},"sceneLighting":true,"audioPlay":false,"sceneViewState":{"showFog":true,"showMaterialUpdate":true,"showSkybox":true,"showFlares":true,"showImageEffects":true,"showParticleSystems":true},"in2DMode":false,"pivot":{"x":-13.899744033813477,"y":-2.1229772567749025,"z":-10.306184768676758},"rotation":{"x":-0.09725864976644516,"y":0.5969908833503723,"z":-0.07288319617509842,"w":-0.7932494878768921},"size":0.7702714800834656,"orthographic":false}