{"cameraMode":{"drawMode":0,"name":"Shaded","section":"Shading Mode"},"sceneLighting":false,"audioPlay":false,"sceneViewState":{"showFog":true,"showMaterialUpdate":true,"showSkybox":false,"showFlares":true,"showImageEffects":true,"showParticleSystems":true},"in2DMode":false,"pivot":{"x":9.779999732971192,"y":6.829999923706055,"z":5.532585144042969},"rotation":{"x":0.21461428701877595,"y":0.016882026568055154,"z":-0.004451040178537369,"w":0.9767086505889893},"size":0.16226598620414735,"orthographic":false}