{"cameraMode":{"drawMode":0,"name":"Shaded","section":"Shading Mode"},"sceneLighting":true,"audioPlay":false,"sceneViewState":{"showFog":true,"showMaterialUpdate":true,"showSkybox":true,"showFlares":true,"showImageEffects":true,"showParticleSystems":true},"in2DMode":false,"pivot":{"x":3.0728230476379396,"y":-0.21165084838867188,"z":1.2627642154693604},"rotation":{"x":0.2793162763118744,"y":0.3691960573196411,"z":-0.11737161874771118,"w":0.8785882592201233},"size":4.446378707885742,"orthographic":false}