{"cameraMode":{"drawMode":0,"name":"Shaded","section":"Shading Mode"},"sceneLighting":true,"audioPlay":false,"sceneViewState":{"showFog":true,"showMaterialUpdate":true,"showSkybox":true,"showFlares":true,"showImageEffects":true,"showParticleSystems":true},"in2DMode":false,"pivot":{"x":-163.68112182617188,"y":-17.37010955810547,"z":73.86593627929688},"rotation":{"x":0.04874512180685997,"y":-0.5372416973114014,"z":0.031187662854790689,"w":0.8414833545684815},"size":90.21321868896485,"orthographic":false}