{"cameraMode":{"drawMode":0,"name":"Shaded","section":"Shading Mode"},"sceneLighting":true,"audioPlay":false,"sceneViewState":{"showFog":true,"showMaterialUpdate":true,"showSkybox":true,"showFlares":true,"showImageEffects":true,"showParticleSystems":true},"in2DMode":false,"pivot":{"x":-11.235162734985352,"y":-2.5088706016540529,"z":-10.677403450012207},"rotation":{"x":-0.15067265927791596,"y":-0.5107340216636658,"z":0.09175025671720505,"w":-0.8416164517402649},"size":0.11918377876281738,"orthographic":false}