{"cameraMode":{"drawMode":0,"name":"Shaded","section":"Shading Mode"},"sceneLighting":true,"audioPlay":false,"sceneViewState":{"showFog":true,"showMaterialUpdate":true,"showSkybox":true,"showFlares":true,"showImageEffects":true,"showParticleSystems":true},"in2DMode":false,"pivot":{"x":-9.098092079162598,"y":-2.048173666000366,"z":-6.862198352813721},"rotation":{"x":0.02331438474357128,"y":0.6270136833190918,"z":-0.01937221735715866,"w":0.7786922454833984},"size":1.3086599111557007,"orthographic":false}