{"cameraMode":{"drawMode":0,"name":"Shaded","section":"Shading Mode"},"sceneLighting":true,"audioPlay":false,"sceneViewState":{"showFog":true,"showMaterialUpdate":true,"showSkybox":true,"showFlares":true,"showImageEffects":true,"showParticleSystems":true},"in2DMode":false,"pivot":{"x":11.13613224029541,"y":-0.15147429704666139,"z":-17.952777862548829},"rotation":{"x":0.034531451761722568,"y":0.8924350738525391,"z":-0.07021300494670868,"w":0.44482967257499697},"size":3.108659505844116,"orthographic":false}