{"cameraMode":{"drawMode":0,"name":"Shaded","section":"Shading Mode"},"sceneLighting":false,"audioPlay":false,"sceneViewState":{"showFog":true,"showMaterialUpdate":true,"showSkybox":false,"showFlares":true,"showImageEffects":true,"showParticleSystems":true},"in2DMode":false,"pivot":{"x":-2.478344678878784,"y":1.0265215635299683,"z":0.12398821115493775},"rotation":{"x":-0.028016533702611924,"y":-0.9694186449050903,"z":0.1334977149963379,"w":-0.20474448800086976},"size":0.8718239665031433,"orthographic":false}