{"cameraMode":{"drawMode":0,"name":"Shaded","section":"Shading Mode"},"sceneLighting":false,"audioPlay":false,"sceneViewState":{"showFog":true,"showMaterialUpdate":true,"showSkybox":true,"showFlares":true,"showImageEffects":true,"showParticleSystems":true},"in2DMode":false,"pivot":{"x":-20.045730590820314,"y":-4.180084228515625,"z":-13.450506210327149},"rotation":{"x":-0.05510257929563522,"y":0.8761804699897766,"z":-0.10325931012630463,"w":-0.4675678610801697},"size":14.785967826843262,"orthographic":false}