{"cameraMode":{"drawMode":0,"name":"Shaded","section":"Shading Mode"},"sceneLighting":true,"audioPlay":false,"sceneViewState":{"showFog":true,"showMaterialUpdate":true,"showSkybox":true,"showFlares":true,"showImageEffects":true,"showParticleSystems":true},"in2DMode":false,"pivot":{"x":3.360597610473633,"y":0.21386973559856416,"z":2.1219069957733156},"rotation":{"x":-0.11762108653783798,"y":0.016046633943915368,"z":-0.002042922656983137,"w":-0.9930586218833923},"size":1.6482200622558594,"orthographic":false}