{"cameraMode":{"drawMode":0,"name":"Shaded","section":"Shading Mode"},"sceneLighting":false,"audioPlay":false,"sceneViewState":{"showFog":true,"showMaterialUpdate":true,"showSkybox":false,"showFlares":true,"showImageEffects":true,"showParticleSystems":true},"in2DMode":false,"pivot":{"x":3.3282759189605715,"y":1.7778527736663819,"z":-3.190460443496704},"rotation":{"x":0.23306263983249665,"y":0.3572787940502167,"z":-0.09267827868461609,"w":0.8997818827629089},"size":0.18008142709732057,"orthographic":false}