{"cameraMode":{"drawMode":0,"name":"Shaded","section":"Shading Mode"},"sceneLighting":false,"audioPlay":false,"sceneViewState":{"showFog":true,"showMaterialUpdate":true,"showSkybox":false,"showFlares":true,"showImageEffects":true,"showParticleSystems":true},"in2DMode":false,"pivot":{"x":5.400000095367432,"y":1.3899999856948853,"z":-0.14695383608341218},"rotation":{"x":-0.2927897274494171,"y":-0.2094862461090088,"z":0.06596103310585022,"w":-0.9306721687316895},"size":1.7811012268066407,"orthographic":false}