{"cameraMode":{"drawMode":0,"name":"Shaded","section":"Shading Mode"},"sceneLighting":true,"audioPlay":false,"sceneViewState":{"showFog":true,"showMaterialUpdate":true,"showSkybox":true,"showFlares":true,"showImageEffects":true,"showParticleSystems":true},"in2DMode":false,"pivot":{"x":-6.949544429779053,"y":0.8330748081207275,"z":0.3360805809497833},"rotation":{"x":0.1264818161725998,"y":-0.415679395198822,"z":0.05850142613053322,"w":0.8987875580787659},"size":1.8281793594360352,"orthographic":false}