{"cameraMode":{"drawMode":0,"name":"Shaded","section":"Shading Mode"},"sceneLighting":true,"audioPlay":false,"sceneViewState":{"showFog":true,"showMaterialUpdate":true,"showSkybox":true,"showFlares":true,"showImageEffects":true,"showParticleSystems":true},"in2DMode":false,"pivot":{"x":3.4352853298187258,"y":-1.579667568206787,"z":-5.289063453674316},"rotation":{"x":-0.13191074132919312,"y":-0.807424783706665,"z":0.19706197082996369,"w":-0.5403527617454529},"size":5.062892436981201,"orthographic":false}