{"cameraMode":{"drawMode":0,"name":"Shaded","section":"Shading Mode"},"sceneLighting":false,"audioPlay":false,"sceneViewState":{"showFog":true,"showMaterialUpdate":true,"showSkybox":false,"showFlares":true,"showImageEffects":true,"showParticleSystems":true},"in2DMode":false,"pivot":{"x":-1.8261617422103882,"y":1.6504582166671754,"z":0.6634842157363892},"rotation":{"x":0.15250001847743989,"y":-0.7484646439552307,"z":0.1846362054347992,"w":0.6185168027877808},"size":0.40521109104156496,"orthographic":false}