{"cameraMode":{"drawMode":0,"name":"Shaded","section":"Shading Mode"},"sceneLighting":false,"audioPlay":false,"sceneViewState":{"showFog":true,"showMaterialUpdate":true,"showSkybox":false,"showFlares":true,"showImageEffects":true,"showParticleSystems":true},"in2DMode":false,"pivot":{"x":-2.0316574573516847,"y":0.9331670999526978,"z":-0.05434441566467285},"rotation":{"x":-0.2616674304008484,"y":-0.13213331997394563,"z":0.036119282245635989,"w":-0.955436110496521},"size":1.2123725414276124,"orthographic":false}