{"cameraMode":{"drawMode":0,"name":"Shaded","section":"Shading Mode"},"sceneLighting":false,"audioPlay":false,"sceneViewState":{"showFog":true,"showMaterialUpdate":true,"showSkybox":true,"showFlares":true,"showImageEffects":true,"showParticleSystems":true},"in2DMode":false,"pivot":{"x":-5.2475714683532719,"y":-0.29701998829841616,"z":7.32306432723999},"rotation":{"x":0.10807981342077255,"y":0.019382882863283159,"z":-0.002088966779410839,"w":0.9939762353897095},"size":3.1231138706207277,"orthographic":false}