{"cameraMode":{"drawMode":0,"name":"Shaded","section":"Shading Mode"},"sceneLighting":true,"audioPlay":false,"sceneViewState":{"showFog":true,"showMaterialUpdate":true,"showSkybox":true,"showFlares":true,"showImageEffects":true,"showParticleSystems":true},"in2DMode":false,"pivot":{"x":-13.072815895080567,"y":1.5062180757522584,"z":5.163723468780518},"rotation":{"x":-0.1778862625360489,"y":0.7013975977897644,"z":-0.1874064952135086,"w":-0.6645222306251526},"size":1.1063830852508546,"orthographic":false}