{"cameraMode":{"drawMode":0,"name":"Shaded","section":"Shading Mode"},"sceneLighting":false,"audioPlay":false,"sceneViewState":{"showFog":true,"showMaterialUpdate":true,"showSkybox":false,"showFlares":true,"showImageEffects":true,"showParticleSystems":true},"in2DMode":false,"pivot":{"x":-4.789999008178711,"y":1.5,"z":0.0000011920928955078126},"rotation":{"x":-0.2783811092376709,"y":0.418893426656723,"z":-0.13666516542434693,"w":-0.8534608483314514},"size":2.5088047981262209,"orthographic":false}