{"cameraMode":{"drawMode":0,"name":"Shaded","section":"Shading Mode"},"sceneLighting":true,"audioPlay":false,"sceneViewState":{"showFog":true,"showMaterialUpdate":true,"showSkybox":true,"showFlares":true,"showImageEffects":true,"showParticleSystems":true},"in2DMode":false,"pivot":{"x":-55.07542037963867,"y":-21.82863998413086,"z":11.064018249511719},"rotation":{"x":-0.16998408734798432,"y":0.6269747018814087,"z":-0.14271347224712373,"w":-0.7467718720436096},"size":32.10752868652344,"orthographic":false}