{"cameraMode":{"drawMode":0,"name":"Shaded","section":"Shading Mode"},"sceneLighting":true,"audioPlay":false,"sceneViewState":{"showFog":true,"showMaterialUpdate":true,"showSkybox":true,"showFlares":true,"showImageEffects":true,"showParticleSystems":true},"in2DMode":false,"pivot":{"x":-5.455559730529785,"y":2.3707199096679689,"z":2.0604748725891115},"rotation":{"x":0.17736287415027619,"y":-0.4965607225894928,"z":0.10444343835115433,"w":0.8432549238204956},"size":5.173552989959717,"orthographic":false}