{"cameraMode":{"drawMode":0,"name":"Shaded","section":"Shading Mode"},"sceneLighting":true,"audioPlay":false,"sceneViewState":{"showFog":true,"showMaterialUpdate":true,"showSkybox":true,"showFlares":true,"showImageEffects":true,"showParticleSystems":true},"in2DMode":false,"pivot":{"x":-5.787121772766113,"y":-3.6956582069396974,"z":40.42901611328125},"rotation":{"x":-0.018258841708302499,"y":-0.0755109041929245,"z":0.001360416179522872,"w":-0.9970399141311646},"size":23.374853134155275,"orthographic":false}