{"cameraMode":{"drawMode":0,"name":"Shaded","section":"Shading Mode"},"sceneLighting":false,"audioPlay":false,"sceneViewState":{"showFog":true,"showMaterialUpdate":true,"showSkybox":true,"showFlares":true,"showImageEffects":true,"showParticleSystems":true},"in2DMode":false,"pivot":{"x":3.482558488845825,"y":-0.48014163970947268,"z":2.768367290496826},"rotation":{"x":0.08649372309446335,"y":0.38461625576019289,"z":-0.036209750920534137,"w":0.91837477684021},"size":4.010149002075195,"orthographic":false}