{"cameraMode":{"drawMode":0,"name":"Shaded","section":"Shading Mode"},"sceneLighting":true,"audioPlay":false,"sceneViewState":{"showFog":true,"showMaterialUpdate":true,"showSkybox":false,"showFlares":true,"showImageEffects":true,"showParticleSystems":true},"in2DMode":false,"pivot":{"x":-4.324506759643555,"y":1.8209929466247559,"z":0.13090896606445313},"rotation":{"x":-0.1330939084291458,"y":0.4357593059539795,"z":-0.06533943116664887,"w":-0.8878039121627808},"size":1.4455997943878174,"orthographic":false}