{"cameraMode":{"drawMode":0,"name":"Shaded","section":"Shading Mode"},"sceneLighting":false,"audioPlay":false,"sceneViewState":{"showFog":true,"showMaterialUpdate":true,"showSkybox":false,"showFlares":true,"showImageEffects":true,"showParticleSystems":true},"in2DMode":false,"pivot":{"x":-5.897703170776367,"y":0.08763546496629715,"z":1.9959226846694947},"rotation":{"x":-0.0006598823238164187,"y":-0.9806549549102783,"z":0.0032437408808618786,"w":-0.19580452144145966},"size":0.23974938690662385,"orthographic":false}