{"cameraMode":{"drawMode":0,"name":"Shaded","section":"Shading Mode"},"sceneLighting":true,"audioPlay":false,"sceneViewState":{"showFog":true,"showMaterialUpdate":true,"showSkybox":true,"showFlares":true,"showImageEffects":true,"showParticleSystems":true},"in2DMode":false,"pivot":{"x":-2.244683265686035,"y":-1.0100393295288087,"z":4.218714714050293},"rotation":{"x":0.24085868895053864,"y":0.02500368468463421,"z":-0.006292625796049833,"w":0.9703185558319092},"size":5.7527618408203129,"orthographic":false}