{"cameraMode":{"drawMode":0,"name":"Shaded","section":"Shading Mode"},"sceneLighting":false,"audioPlay":false,"sceneViewState":{"showFog":true,"showMaterialUpdate":true,"showSkybox":true,"showFlares":true,"showImageEffects":true,"showParticleSystems":true},"in2DMode":false,"pivot":{"x":2.387901544570923,"y":1.0076650381088257,"z":-3.8783183097839357},"rotation":{"x":0.32534506916999819,"y":0.6068189144134522,"z":-0.29877984523773196,"w":0.6608508229255676},"size":1.8123724460601807,"orthographic":false}