{"cameraMode":{"drawMode":0,"name":"Shaded","section":"Shading Mode"},"sceneLighting":true,"audioPlay":false,"sceneViewState":{"showFog":true,"showMaterialUpdate":true,"showSkybox":true,"showFlares":true,"showImageEffects":true,"showParticleSystems":true},"in2DMode":false,"pivot":{"x":5.228241443634033,"y":-0.4343522787094116,"z":-2.195876121520996},"rotation":{"x":-0.06060381233692169,"y":-0.9130725264549255,"z":0.14724652469158173,"w":-0.37561920285224917},"size":3.262892007827759,"orthographic":false}