{"cameraMode":{"drawMode":0,"name":"Shaded","section":"Shading Mode"},"sceneLighting":true,"audioPlay":false,"sceneViewState":{"showFog":true,"showMaterialUpdate":true,"showSkybox":true,"showFlares":true,"showImageEffects":true,"showParticleSystems":true},"in2DMode":false,"pivot":{"x":-39.55787658691406,"y":-11.541364669799805,"z":-2.3803141117095949},"rotation":{"x":0.10988380759954453,"y":-0.6952660083770752,"z":0.10901883989572525,"w":0.7020219564437866},"size":22.370988845825197,"orthographic":false}