{"cameraMode":{"drawMode":0,"name":"Shaded","section":"Shading Mode"},"sceneLighting":true,"audioPlay":false,"sceneViewState":{"showFog":true,"showMaterialUpdate":true,"showSkybox":true,"showFlares":true,"showImageEffects":true,"showParticleSystems":true},"in2DMode":false,"pivot":{"x":10.54029369354248,"y":-0.8175951242446899,"z":-20.67554473876953},"rotation":{"x":0.00830645952373743,"y":0.9860286712646484,"z":-0.05364760011434555,"w":0.15810362994670869},"size":9.028281211853028,"orthographic":false}