{"cameraMode":{"drawMode":0,"name":"Shaded","section":"Shading Mode"},"sceneLighting":false,"audioPlay":false,"sceneViewState":{"showFog":true,"showMaterialUpdate":true,"showSkybox":false,"showFlares":true,"showImageEffects":true,"showParticleSystems":true},"in2DMode":false,"pivot":{"x":-0.943104088306427,"y":0.8542342782020569,"z":1.7606298923492432},"rotation":{"x":-0.07536458969116211,"y":-0.8451711535453796,"z":0.12387169897556305,"w":-0.5145822763442993},"size":0.6227754354476929,"orthographic":false}