{"cameraMode":{"drawMode":0,"name":"Shaded","section":"Shading Mode"},"sceneLighting":true,"audioPlay":false,"sceneViewState":{"showFog":true,"showMaterialUpdate":true,"showSkybox":true,"showFlares":true,"showImageEffects":true,"showParticleSystems":true},"in2DMode":false,"pivot":{"x":-12.834603309631348,"y":-1.5863550901412964,"z":-6.323554039001465},"rotation":{"x":-0.11746968328952789,"y":-0.08580972254276276,"z":-0.010464551858603955,"w":0.9894972443580627},"size":0.7913402318954468,"orthographic":false}