{"cameraMode":{"drawMode":0,"name":"Shaded","section":"Shading Mode"},"sceneLighting":true,"audioPlay":false,"sceneViewState":{"showFog":true,"showMaterialUpdate":true,"showSkybox":true,"showFlares":true,"showImageEffects":true,"showParticleSystems":true},"in2DMode":false,"pivot":{"x":-7.062073230743408,"y":-3.85866641998291,"z":0.5265283584594727},"rotation":{"x":0.1137240082025528,"y":0.2789737284183502,"z":-0.03346794471144676,"w":0.9530864953994751},"size":5.607256889343262,"orthographic":false}