{"cameraMode":{"drawMode":0,"name":"Shaded","section":"Shading Mode"},"sceneLighting":true,"audioPlay":false,"sceneViewState":{"showFog":true,"showMaterialUpdate":true,"showSkybox":true,"showFlares":true,"showImageEffects":true,"showParticleSystems":true},"in2DMode":false,"pivot":{"x":11.405847549438477,"y":-33.975399017333987,"z":-33.731197357177737},"rotation":{"x":0.07006343454122544,"y":0.9206054210662842,"z":-0.3311627209186554,"w":0.1947627067565918},"size":29.27155876159668,"orthographic":false}