{"cameraMode":{"drawMode":0,"name":"Shaded","section":"Shading Mode"},"sceneLighting":false,"audioPlay":false,"sceneViewState":{"showFog":true,"showMaterialUpdate":true,"showSkybox":true,"showFlares":true,"showImageEffects":true,"showParticleSystems":true},"in2DMode":false,"pivot":{"x":-10.975469589233399,"y":-0.028038501739501954,"z":2.243499279022217},"rotation":{"x":-0.24788391590118409,"y":0.5430874228477478,"z":-0.1717398464679718,"w":-0.7837497591972351},"size":1.755082130432129,"orthographic":false}