{"cameraMode":{"drawMode":0,"name":"Shaded","section":"Shading Mode"},"sceneLighting":true,"audioPlay":false,"sceneViewState":{"showFog":true,"showMaterialUpdate":true,"showSkybox":true,"showFlares":true,"showImageEffects":true,"showParticleSystems":true},"in2DMode":false,"pivot":{"x":7.563371658325195,"y":-1.6380274295806885,"z":26.63768768310547},"rotation":{"x":-0.0722402036190033,"y":-0.011670569889247418,"z":0.0011892622569575906,"w":-0.9973880052566528},"size":9.298944473266602,"orthographic":false}