{"cameraMode":{"drawMode":0,"name":"Shaded","section":"Shading Mode"},"sceneLighting":false,"audioPlay":false,"sceneViewState":{"showFog":true,"showMaterialUpdate":true,"showSkybox":false,"showFlares":true,"showImageEffects":true,"showParticleSystems":true},"in2DMode":false,"pivot":{"x":0.015330880880355835,"y":-0.002925790846347809,"z":0.02178923785686493},"rotation":{"x":-0.06414829194545746,"y":0.9337121844291687,"z":-0.2140161246061325,"w":-0.27999842166900637},"size":0.25508204102516177,"orthographic":false}