{"cameraMode":{"drawMode":0,"name":"Shaded","section":"Shading Mode"},"sceneLighting":false,"audioPlay":false,"sceneViewState":{"showFog":true,"showMaterialUpdate":true,"showSkybox":false,"showFlares":true,"showImageEffects":true,"showParticleSystems":true},"in2DMode":false,"pivot":{"x":-3.8816113471984865,"y":1.2139869928359986,"z":0.13183534145355225},"rotation":{"x":0.18391653895378114,"y":-0.8130590915679932,"z":0.42825859785079958,"w":0.34910649061203005},"size":0.6281794309616089,"orthographic":false}