{"cameraMode":{"drawMode":0,"name":"Shaded","section":"Shading Mode"},"sceneLighting":true,"audioPlay":false,"sceneViewState":{"showFog":true,"showMaterialUpdate":true,"showSkybox":true,"showFlares":true,"showImageEffects":true,"showParticleSystems":true},"in2DMode":false,"pivot":{"x":-7.203301429748535,"y":0.7896695137023926,"z":0.24689874053001405},"rotation":{"x":0.2206316441297531,"y":-0.46210962533950808,"z":0.11987965553998947,"w":0.8505501747131348},"size":0.32817941904067995,"orthographic":false}