{"cameraMode":{"drawMode":0,"name":"Shaded","section":"Shading Mode"},"sceneLighting":false,"audioPlay":false,"sceneViewState":{"showFog":true,"showMaterialUpdate":true,"showSkybox":true,"showFlares":true,"showImageEffects":true,"showParticleSystems":true},"in2DMode":false,"pivot":{"x":233.04251098632813,"y":131.4905242919922,"z":-64.75},"rotation":{"x":-0.3268415331840515,"y":0.2447207123041153,"z":-0.08803156763315201,"w":-0.9085941910743713},"size":143.5264129638672,"orthographic":false}