{"cameraMode":{"drawMode":0,"name":"Shaded","section":"Shading Mode"},"sceneLighting":true,"audioPlay":false,"sceneViewState":{"showFog":true,"showMaterialUpdate":true,"showSkybox":true,"showFlares":true,"showImageEffects":true,"showParticleSystems":true},"in2DMode":false,"pivot":{"x":1.9376964569091797,"y":-2.0005226135253908,"z":1.2033562660217286},"rotation":{"x":0.43380531668663027,"y":-0.5511592030525208,"z":0.411227285861969,"w":0.5821768045425415},"size":9.706993103027344,"orthographic":false}