{"cameraMode":{"drawMode":0,"name":"Shaded","section":"Shading Mode"},"sceneLighting":true,"audioPlay":false,"sceneViewState":{"showFog":true,"showMaterialUpdate":true,"showSkybox":true,"showFlares":true,"showImageEffects":true,"showParticleSystems":true},"in2DMode":false,"pivot":{"x":-18.340553283691408,"y":-20.3840274810791,"z":5.64584493637085},"rotation":{"x":-0.37844806909561159,"y":0.499430775642395,"z":-0.25703999400138857,"w":-0.7357214689254761},"size":14.860950469970704,"orthographic":false}