{"cameraMode":{"drawMode":0,"name":"Shaded","section":"Shading Mode"},"sceneLighting":false,"audioPlay":false,"sceneViewState":{"showFog":true,"showMaterialUpdate":true,"showSkybox":true,"showFlares":true,"showImageEffects":true,"showParticleSystems":true},"in2DMode":false,"pivot":{"x":5.806251525878906,"y":1.3855620622634888,"z":-0.15259504318237306},"rotation":{"x":-0.07624732702970505,"y":-0.7842655777931213,"z":0.09841015934944153,"w":-0.6078965663909912},"size":3.2537310123443605,"orthographic":false}