{"cameraMode":{"drawMode":0,"name":"Shaded","section":"Shading Mode"},"sceneLighting":true,"audioPlay":false,"sceneViewState":{"showFog":true,"showMaterialUpdate":true,"showSkybox":true,"showFlares":true,"showImageEffects":true,"showParticleSystems":true},"in2DMode":false,"pivot":{"x":3.633476734161377,"y":5.2809014320373539,"z":-2.550847291946411},"rotation":{"x":0.16199244558811189,"y":-0.830115556716919,"z":0.3052726089954376,"w":0.43794992566108706},"size":5.796736240386963,"orthographic":false}