{"cameraMode":{"drawMode":0,"name":"Shaded","section":"Shading Mode"},"sceneLighting":true,"audioPlay":false,"sceneViewState":{"showFog":true,"showMaterialUpdate":true,"showSkybox":true,"showFlares":true,"showImageEffects":true,"showParticleSystems":true},"in2DMode":false,"pivot":{"x":26.63585090637207,"y":-36.73983383178711,"z":35.119606018066409},"rotation":{"x":-0.27190735936164858,"y":-0.30849313735961916,"z":0.09249811619520188,"w":-0.9068413972854614},"size":49.01551818847656,"orthographic":false}