{"cameraMode":{"drawMode":0,"name":"Shaded","section":"Shading Mode"},"sceneLighting":true,"audioPlay":false,"sceneViewState":{"showFog":true,"showMaterialUpdate":true,"showSkybox":false,"showFlares":true,"showImageEffects":true,"showParticleSystems":true},"in2DMode":false,"pivot":{"x":-1.711796760559082,"y":0.8434993624687195,"z":-0.5460433959960938},"rotation":{"x":-0.014916893094778061,"y":-0.9796001315116882,"z":0.07892128825187683,"w":-0.18461787700653077},"size":1.2123725414276124,"orthographic":false}