{"cameraMode":{"drawMode":0,"name":"Shaded","section":"Shading Mode"},"sceneLighting":true,"audioPlay":false,"sceneViewState":{"showFog":true,"showMaterialUpdate":true,"showSkybox":true,"showFlares":true,"showImageEffects":true,"showParticleSystems":true},"in2DMode":false,"pivot":{"x":-8.86507797241211,"y":-1.8696019649505616,"z":0.7629803419113159},"rotation":{"x":-0.17850908637046815,"y":0.6164363622665405,"z":-0.1461615115404129,"w":-0.7528544664382935},"size":4.906909942626953,"orthographic":false}