{"cameraMode":{"drawMode":0,"name":"Shaded","section":"Shading Mode"},"sceneLighting":false,"audioPlay":false,"sceneViewState":{"showFog":true,"showMaterialUpdate":true,"showSkybox":true,"showFlares":true,"showImageEffects":true,"showParticleSystems":true},"in2DMode":false,"pivot":{"x":5.145509243011475,"y":1.3660507202148438,"z":-0.3611231744289398},"rotation":{"x":0.04552453011274338,"y":0.7939540147781372,"z":-0.05990329012274742,"w":0.6033174395561218},"size":1.961057424545288,"orthographic":false}