{"cameraMode":{"drawMode":0,"name":"Shaded","section":"Shading Mode"},"sceneLighting":true,"audioPlay":false,"sceneViewState":{"showFog":true,"showMaterialUpdate":true,"showSkybox":true,"showFlares":true,"showImageEffects":true,"showParticleSystems":true},"in2DMode":false,"pivot":{"x":-12.395000457763672,"y":-2.765000104904175,"z":-7.118000030517578},"rotation":{"x":-0.20818816125392915,"y":-0.07301562279462815,"z":0.015580027364194394,"w":-0.9752698540687561},"size":2.946603775024414,"orthographic":false}