{"cameraMode":{"drawMode":0,"name":"Shaded","section":"Shading Mode"},"sceneLighting":true,"audioPlay":false,"sceneViewState":{"showFog":true,"showMaterialUpdate":true,"showSkybox":true,"showFlares":true,"showImageEffects":true,"showParticleSystems":true},"in2DMode":false,"pivot":{"x":-12.77299976348877,"y":-6.233769416809082,"z":4.376895904541016},"rotation":{"x":0.21461428701877595,"y":0.016882026568055154,"z":-0.004451040178537369,"w":0.9767086505889893},"size":5.796736240386963,"orthographic":false}