{"cameraMode":{"drawMode":0,"name":"Shaded","section":"Shading Mode"},"sceneLighting":true,"audioPlay":false,"sceneViewState":{"showFog":true,"showMaterialUpdate":true,"showSkybox":true,"showFlares":true,"showImageEffects":true,"showParticleSystems":true},"in2DMode":false,"pivot":{"x":0.9931126832962036,"y":1.8587849140167237,"z":0.005047321319580078},"rotation":{"x":0.17924878001213075,"y":-0.5012966394424439,"z":0.1070188581943512,"w":0.8397353887557983},"size":3.360706090927124,"orthographic":false}