{"cameraMode":{"drawMode":0,"name":"Shaded","section":"Shading Mode"},"sceneLighting":false,"audioPlay":false,"sceneViewState":{"showFog":true,"showMaterialUpdate":true,"showSkybox":true,"showFlares":true,"showImageEffects":true,"showParticleSystems":true},"in2DMode":false,"pivot":{"x":-2.9938883781433107,"y":1.390568733215332,"z":-0.6868538856506348},"rotation":{"x":0.18061769008636475,"y":-0.8029427528381348,"z":0.3008343577384949,"w":0.4819534122943878},"size":9.699484825134278,"orthographic":false}