{"cameraMode":{"drawMode":0,"name":"Shaded","section":"Shading Mode"},"sceneLighting":true,"audioPlay":false,"sceneViewState":{"showFog":true,"showMaterialUpdate":true,"showSkybox":true,"showFlares":true,"showImageEffects":true,"showParticleSystems":true},"in2DMode":false,"pivot":{"x":-12.08005142211914,"y":-2.2755537033081056,"z":-6.059879302978516},"rotation":{"x":-0.07366502285003662,"y":-0.04576139524579048,"z":0.0033840162213891746,"w":-0.9962292313575745},"size":2.1531260013580324,"orthographic":false}