{"cameraMode":{"drawMode":0,"name":"Shaded","section":"Shading Mode"},"sceneLighting":false,"audioPlay":false,"sceneViewState":{"showFog":true,"showMaterialUpdate":true,"showSkybox":false,"showFlares":true,"showImageEffects":true,"showParticleSystems":true},"in2DMode":false,"pivot":{"x":-0.02220553532242775,"y":0.11007988452911377,"z":-0.17830297350883485},"rotation":{"x":0.2355620265007019,"y":0.08875051140785217,"z":-0.02175978757441044,"w":0.9676356911659241},"size":0.10215204209089279,"orthographic":false}