{"cameraMode":{"drawMode":0,"name":"Shaded","section":"Shading Mode"},"sceneLighting":true,"audioPlay":false,"sceneViewState":{"showFog":true,"showMaterialUpdate":true,"showSkybox":true,"showFlares":true,"showImageEffects":true,"showParticleSystems":true},"in2DMode":false,"pivot":{"x":-12.47978401184082,"y":-0.9216145277023315,"z":-11.69337272644043},"rotation":{"x":0.002489345148205757,"y":0.9967239499092102,"z":-0.03622213751077652,"w":0.07392513751983643},"size":1.9032127857208253,"orthographic":false}