{"cameraMode":{"drawMode":0,"name":"Shaded","section":"Shading Mode"},"sceneLighting":false,"audioPlay":false,"sceneViewState":{"showFog":true,"showMaterialUpdate":true,"showSkybox":false,"showFlares":true,"showImageEffects":true,"showParticleSystems":true},"in2DMode":false,"pivot":{"x":0.0,"y":0.18460820615291596,"z":0.0024337172508239748},"rotation":{"x":-0.1973755955696106,"y":-0.2771848440170288,"z":0.058501698076725009,"w":-0.938671886920929},"size":0.830812394618988,"orthographic":false}