{"cameraMode":{"drawMode":0,"name":"Shaded","section":"Shading Mode"},"sceneLighting":true,"audioPlay":false,"sceneViewState":{"showFog":true,"showMaterialUpdate":true,"showSkybox":true,"showFlares":true,"showImageEffects":true,"showParticleSystems":true},"in2DMode":false,"pivot":{"x":5.409010887145996,"y":-0.6743673086166382,"z":-1.8836593627929688},"rotation":{"x":-0.07258966565132141,"y":-0.8989900946617127,"z":0.16302065551280976,"w":-0.40014660358428957},"size":3.262892007827759,"orthographic":false}