{"cameraMode":{"drawMode":0,"name":"Shaded","section":"Shading Mode"},"sceneLighting":true,"audioPlay":false,"sceneViewState":{"showFog":true,"showMaterialUpdate":true,"showSkybox":true,"showFlares":true,"showImageEffects":true,"showParticleSystems":true},"in2DMode":false,"pivot":{"x":-7.650810241699219,"y":0.5123140215873718,"z":-0.3005790710449219},"rotation":{"x":-0.1833762675523758,"y":0.34051021933555605,"z":-0.06789451837539673,"w":-0.9196833968162537},"size":0.8789371848106384,"orthographic":false}