{"cameraMode":{"drawMode":0,"name":"Shaded","section":"Shading Mode"},"sceneLighting":false,"audioPlay":false,"sceneViewState":{"showFog":true,"showMaterialUpdate":true,"showSkybox":false,"showFlares":true,"showImageEffects":true,"showParticleSystems":true},"in2DMode":false,"pivot":{"x":-0.9170188307762146,"y":-0.10278072208166123,"z":-0.10145369917154312},"rotation":{"x":-0.017426062375307084,"y":0.7370026707649231,"z":-0.01903686113655567,"w":-0.6755018830299377},"size":0.9823571443557739,"orthographic":false}