{"cameraMode":{"drawMode":0,"name":"Shaded","section":"Shading Mode"},"sceneLighting":true,"audioPlay":false,"sceneViewState":{"showFog":true,"showMaterialUpdate":true,"showSkybox":true,"showFlares":true,"showImageEffects":true,"showParticleSystems":true},"in2DMode":false,"pivot":{"x":0.04358118027448654,"y":1.4517549276351929,"z":6.217087268829346},"rotation":{"x":0.09662814438343048,"y":0.04924739524722099,"z":-0.004789482802152634,"w":0.9940971732139587},"size":2.351036548614502,"orthographic":false}