{"cameraMode":{"drawMode":0,"name":"Shaded","section":"Shading Mode"},"sceneLighting":false,"audioPlay":false,"sceneViewState":{"showFog":true,"showMaterialUpdate":true,"showSkybox":true,"showFlares":true,"showImageEffects":true,"showParticleSystems":true},"in2DMode":false,"pivot":{"x":-0.579599142074585,"y":0.44335174560546877,"z":1.5948681831359864},"rotation":{"x":-0.2630579173564911,"y":0.08726336807012558,"z":-0.02389712817966938,"w":-0.9605407118797302},"size":4.391641616821289,"orthographic":false}