{"cameraMode":{"drawMode":0,"name":"Shaded","section":"Shading Mode"},"sceneLighting":false,"audioPlay":false,"sceneViewState":{"showFog":true,"showMaterialUpdate":true,"showSkybox":false,"showFlares":true,"showImageEffects":true,"showParticleSystems":true},"in2DMode":false,"pivot":{"x":-0.0690000057220459,"y":0.5648809671401978,"z":0.0},"rotation":{"x":0.32069098949432375,"y":-0.2661166787147522,"z":0.09433770179748535,"w":0.904217541217804},"size":1.1888442039489747,"orthographic":false}