{"cameraMode":{"drawMode":0,"name":"Shaded","section":"Shading Mode"},"sceneLighting":true,"audioPlay":false,"sceneViewState":{"showFog":true,"showMaterialUpdate":true,"showSkybox":true,"showFlares":true,"showImageEffects":true,"showParticleSystems":true},"in2DMode":false,"pivot":{"x":-5.130782604217529,"y":0.02035999298095703,"z":2.937999963760376},"rotation":{"x":-0.4056340157985687,"y":-0.2478872686624527,"z":0.11527975648641586,"w":-0.8722115755081177},"size":0.7013341784477234,"orthographic":false}