{"cameraMode":{"drawMode":0,"name":"Shaded","section":"Shading Mode"},"sceneLighting":false,"audioPlay":false,"sceneViewState":{"showFog":true,"showMaterialUpdate":true,"showSkybox":true,"showFlares":true,"showImageEffects":true,"showParticleSystems":true},"in2DMode":false,"pivot":{"x":-0.3134765625,"y":0.24220240116119386,"z":0.1056758314371109},"rotation":{"x":-0.1473541110754013,"y":-0.43914932012557986,"z":0.07326185703277588,"w":-0.8832484483718872},"size":7.536005973815918,"orthographic":false}