{"cameraMode":{"drawMode":0,"name":"Shaded","section":"Shading Mode"},"sceneLighting":false,"audioPlay":false,"sceneViewState":{"showFog":true,"showMaterialUpdate":true,"showSkybox":true,"showFlares":true,"showImageEffects":true,"showParticleSystems":true},"in2DMode":false,"pivot":{"x":0.5658695697784424,"y":0.34601807594299319,"z":-0.21499156951904298},"rotation":{"x":-0.3268415331840515,"y":0.2447207123041153,"z":-0.08803156763315201,"w":-0.9085941910743713},"size":3.426626682281494,"orthographic":false}