{"cameraMode":{"drawMode":0,"name":"Shaded","section":"Shading Mode"},"sceneLighting":true,"audioPlay":false,"sceneViewState":{"showFog":true,"showMaterialUpdate":true,"showSkybox":true,"showFlares":true,"showImageEffects":true,"showParticleSystems":true},"in2DMode":false,"pivot":{"x":12.844738006591797,"y":-0.5480796098709106,"z":-19.765796661376954},"rotation":{"x":0.01029286440461874,"y":0.9731515645980835,"z":-0.04564983397722244,"w":0.22579294443130494},"size":9.028281211853028,"orthographic":false}