{"cameraMode":{"drawMode":0,"name":"Shaded","section":"Shading Mode"},"sceneLighting":true,"audioPlay":false,"sceneViewState":{"showFog":true,"showMaterialUpdate":true,"showSkybox":true,"showFlares":true,"showImageEffects":true,"showParticleSystems":true},"in2DMode":false,"pivot":{"x":7.733391761779785,"y":-1.5051971673965455,"z":17.926124572753908},"rotation":{"x":0.13333553075790406,"y":0.03297574818134308,"z":-0.004777492024004459,"w":0.990605354309082},"size":5.2186689376831059,"orthographic":false}