{"cameraMode":{"drawMode":0,"name":"Shaded","section":"Shading Mode"},"sceneLighting":false,"audioPlay":false,"sceneViewState":{"showFog":true,"showMaterialUpdate":true,"showSkybox":true,"showFlares":true,"showImageEffects":true,"showParticleSystems":true},"in2DMode":false,"pivot":{"x":-3.777494430541992,"y":-1.4317609071731568,"z":-9.399065971374512},"rotation":{"x":0.02037048526108265,"y":0.9794436097145081,"z":-0.15134571492671967,"w":0.1318388134241104},"size":4.682091236114502,"orthographic":false}