{"cameraMode":{"drawMode":0,"name":"Shaded","section":"Shading Mode"},"sceneLighting":false,"audioPlay":false,"sceneViewState":{"showFog":true,"showMaterialUpdate":true,"showSkybox":false,"showFlares":true,"showImageEffects":true,"showParticleSystems":true},"in2DMode":false,"pivot":{"x":1.109999656677246,"y":2.4099998474121095,"z":0.9899997711181641},"rotation":{"x":-0.05510257929563522,"y":0.8761804699897766,"z":-0.10325931012630463,"w":-0.4675678610801697},"size":-0.01566624641418457,"orthographic":false}