{"cameraMode":{"drawMode":0,"name":"Shaded","section":"Shading Mode"},"sceneLighting":false,"audioPlay":false,"sceneViewState":{"showFog":true,"showMaterialUpdate":true,"showSkybox":true,"showFlares":true,"showImageEffects":true,"showParticleSystems":true},"in2DMode":false,"pivot":{"x":2.7609055042266847,"y":0.6834502220153809,"z":-4.540280342102051},"rotation":{"x":-0.010106604546308518,"y":-0.9613912105560303,"z":0.0354817770421505,"w":-0.2729130685329437},"size":1.5123724937438965,"orthographic":false}