{"cameraMode":{"drawMode":0,"name":"Shaded","section":"Shading Mode"},"sceneLighting":true,"audioPlay":false,"sceneViewState":{"showFog":true,"showMaterialUpdate":true,"showSkybox":true,"showFlares":true,"showImageEffects":true,"showParticleSystems":true},"in2DMode":false,"pivot":{"x":-1.988455057144165,"y":3.6057870388031008,"z":-2.314929246902466},"rotation":{"x":0.32534506916999819,"y":0.6068189144134522,"z":-0.29877984523773196,"w":0.6608508229255676},"size":6.240850448608398,"orthographic":false}