{"cameraMode":{"drawMode":0,"name":"Shaded","section":"Shading Mode"},"sceneLighting":false,"audioPlay":false,"sceneViewState":{"showFog":true,"showMaterialUpdate":true,"showSkybox":true,"showFlares":true,"showImageEffects":true,"showParticleSystems":true},"in2DMode":false,"pivot":{"x":1.4129878282546998,"y":2.1551694869995119,"z":3.8084590435028078},"rotation":{"x":-0.27733904123306277,"y":-0.050138477236032489,"z":0.01443557906895876,"w":-0.9594084024429321},"size":3.266629457473755,"orthographic":false}