{"cameraMode":{"drawMode":0,"name":"Shaded","section":"Shading Mode"},"sceneLighting":true,"audioPlay":false,"sceneViewState":{"showFog":true,"showMaterialUpdate":true,"showSkybox":true,"showFlares":true,"showImageEffects":true,"showParticleSystems":true},"in2DMode":false,"pivot":{"x":-0.4848799705505371,"y":3.7336220741271974,"z":-3.6381044387817385},"rotation":{"x":0.1296260952949524,"y":-0.14462041854858399,"z":0.019124945625662805,"w":0.9808342456817627},"size":3.8062589168548586,"orthographic":false}