{"cameraMode":{"drawMode":0,"name":"Shaded","section":"Shading Mode"},"sceneLighting":true,"audioPlay":false,"sceneViewState":{"showFog":true,"showMaterialUpdate":true,"showSkybox":true,"showFlares":true,"showImageEffects":true,"showParticleSystems":true},"in2DMode":false,"pivot":{"x":0.0,"y":1.4100000858306885,"z":6.03000020980835},"rotation":{"x":0.12434186041355133,"y":-0.1069454625248909,"z":0.013478916138410569,"w":0.9863750338554382},"size":1.58614182472229,"orthographic":false}