{"cameraMode":{"drawMode":0,"name":"Shaded","section":"Shading Mode"},"sceneLighting":false,"audioPlay":false,"sceneViewState":{"showFog":true,"showMaterialUpdate":true,"showSkybox":true,"showFlares":true,"showImageEffects":true,"showParticleSystems":true},"in2DMode":false,"pivot":{"x":-0.03298664093017578,"y":2.503767967224121,"z":0.051445960998535159},"rotation":{"x":0.2207854986190796,"y":-0.1641036719083786,"z":0.03771478310227394,"w":0.9606863856315613},"size":3.4136171340942385,"orthographic":false}