{"cameraMode":{"drawMode":0,"name":"Shaded","section":"Shading Mode"},"sceneLighting":false,"audioPlay":false,"sceneViewState":{"showFog":true,"showMaterialUpdate":true,"showSkybox":false,"showFlares":true,"showImageEffects":true,"showParticleSystems":true},"in2DMode":false,"pivot":{"x":1.14453125,"y":0.650590181350708,"z":-0.39732202887535097},"rotation":{"x":0.11291012912988663,"y":0.7420172691345215,"z":-0.12928229570388795,"w":0.6480439901351929},"size":1.3774197101593018,"orthographic":true}