{"cameraMode":{"drawMode":0,"name":"Shaded","section":"Shading Mode"},"sceneLighting":false,"audioPlay":false,"sceneViewState":{"showFog":true,"showMaterialUpdate":true,"showSkybox":false,"showFlares":true,"showImageEffects":true,"showParticleSystems":true},"in2DMode":false,"pivot":{"x":8.71318244934082,"y":4.052772521972656,"z":0.6209273338317871},"rotation":{"x":0.26718825101852419,"y":-0.505784809589386,"z":0.16840220987796784,"w":0.8028469681739807},"size":3.2470626831054689,"orthographic":false}