{"cameraMode":{"drawMode":0,"name":"Shaded","section":"Shading Mode"},"sceneLighting":true,"audioPlay":false,"sceneViewState":{"showFog":true,"showMaterialUpdate":true,"showSkybox":true,"showFlares":true,"showImageEffects":true,"showParticleSystems":true},"in2DMode":false,"pivot":{"x":13.33260726928711,"y":-13.57803726196289,"z":-5.052330493927002},"rotation":{"x":0.3350489139556885,"y":0.6543740034103394,"z":-0.40220963954925539,"w":0.5460423827171326},"size":11.90103816986084,"orthographic":false}