{"cameraMode":{"drawMode":0,"name":"Shaded","section":"Shading Mode"},"sceneLighting":true,"audioPlay":false,"sceneViewState":{"showFog":true,"showMaterialUpdate":true,"showSkybox":true,"showFlares":true,"showImageEffects":true,"showParticleSystems":true},"in2DMode":false,"pivot":{"x":0.00448840856552124,"y":1.4847772121429444,"z":5.410133361816406},"rotation":{"x":-0.025794757530093194,"y":0.03058258257806301,"z":-0.0007886738749220967,"w":-0.999201238155365},"size":1.536961555480957,"orthographic":false}