{"cameraMode":{"drawMode":0,"name":"Shaded","section":"Shading Mode"},"sceneLighting":true,"audioPlay":false,"sceneViewState":{"showFog":true,"showMaterialUpdate":true,"showSkybox":true,"showFlares":true,"showImageEffects":true,"showParticleSystems":true},"in2DMode":false,"pivot":{"x":20.088924407958986,"y":-9.578690528869629,"z":1.1032971143722535},"rotation":{"x":-0.23962002992630006,"y":-0.49576056003570559,"z":0.14491337537765504,"w":-0.8221541047096252},"size":9.354059219360352,"orthographic":false}