{"cameraMode":{"drawMode":0,"name":"Shaded","section":"Shading Mode"},"sceneLighting":false,"audioPlay":false,"sceneViewState":{"showFog":true,"showMaterialUpdate":true,"showSkybox":true,"showFlares":true,"showImageEffects":true,"showParticleSystems":true},"in2DMode":false,"pivot":{"x":-4.661281585693359,"y":0.19133450090885163,"z":11.680256843566895},"rotation":{"x":-0.07874970883131027,"y":0.15546177327632905,"z":-0.01243249885737896,"w":-0.9846240878105164},"size":3.782090663909912,"orthographic":false}