{"cameraMode":{"drawMode":0,"name":"Shaded","section":"Shading Mode"},"sceneLighting":true,"audioPlay":false,"sceneViewState":{"showFog":true,"showMaterialUpdate":true,"showSkybox":true,"showFlares":true,"showImageEffects":true,"showParticleSystems":true},"in2DMode":false,"pivot":{"x":-5.414546012878418,"y":2.07582426071167,"z":3.6696784496307375},"rotation":{"x":0.1948249340057373,"y":0.3513660430908203,"z":-0.07500497996807099,"w":0.9126765727996826},"size":1.6975092887878419,"orthographic":false}