{"cameraMode":{"drawMode":0,"name":"Shaded","section":"Shading Mode"},"sceneLighting":true,"audioPlay":false,"sceneViewState":{"showFog":true,"showMaterialUpdate":true,"showSkybox":true,"showFlares":true,"showImageEffects":true,"showParticleSystems":true},"in2DMode":false,"pivot":{"x":4.05107307434082,"y":1.202003836631775,"z":-1.790502905845642},"rotation":{"x":0.16363514959812165,"y":0.41479551792144778,"z":-0.07622691988945008,"w":0.8919181823730469},"size":1.0800814628601075,"orthographic":false}