{"cameraMode":{"drawMode":0,"name":"Shaded","section":"Shading Mode"},"sceneLighting":true,"audioPlay":false,"sceneViewState":{"showFog":true,"showMaterialUpdate":true,"showSkybox":true,"showFlares":true,"showImageEffects":true,"showParticleSystems":true},"in2DMode":false,"pivot":{"x":6.3431549072265629,"y":-0.6211572885513306,"z":-8.327682495117188},"rotation":{"x":0.011472675949335099,"y":-0.9754824638366699,"z":0.2143554538488388,"w":0.05159934610128403},"size":2.255995750427246,"orthographic":false}