{"cameraMode":{"drawMode":0,"name":"Shaded","section":"Shading Mode"},"sceneLighting":true,"audioPlay":false,"sceneViewState":{"showFog":true,"showMaterialUpdate":true,"showSkybox":true,"showFlares":true,"showImageEffects":true,"showParticleSystems":true},"in2DMode":false,"pivot":{"x":-3.2005088329315187,"y":-0.0040266490541398529,"z":1.369023323059082},"rotation":{"x":0.2097460925579071,"y":-0.2778037190437317,"z":0.06262322515249253,"w":0.9353742599487305},"size":4.299901008605957,"orthographic":false}