{"cameraMode":{"drawMode":0,"name":"Shaded","section":"Shading Mode"},"sceneLighting":true,"audioPlay":false,"sceneViewState":{"showFog":true,"showMaterialUpdate":true,"showSkybox":true,"showFlares":true,"showImageEffects":true,"showParticleSystems":true},"in2DMode":false,"pivot":{"x":6.4336748123168949,"y":1.4930886030197144,"z":7.574988842010498},"rotation":{"x":-0.07013177126646042,"y":-0.4715364873409271,"z":0.037948403507471088,"w":-0.8784177899360657},"size":1.1063830852508546,"orthographic":false}