{"cameraMode":{"drawMode":0,"name":"Shaded","section":"Shading Mode"},"sceneLighting":false,"audioPlay":false,"sceneViewState":{"showFog":true,"showMaterialUpdate":true,"showSkybox":true,"showFlares":true,"showImageEffects":true,"showParticleSystems":true},"in2DMode":false,"pivot":{"x":-0.537369966506958,"y":0.6533160209655762,"z":-0.12191200256347656},"rotation":{"x":0.2982387840747833,"y":0.1677970290184021,"z":-0.0533449649810791,"w":0.938112735748291},"size":5.968132972717285,"orthographic":false}