{"cameraMode":{"drawMode":0,"name":"Shaded","section":"Shading Mode"},"sceneLighting":true,"audioPlay":false,"sceneViewState":{"showFog":true,"showMaterialUpdate":true,"showSkybox":true,"showFlares":true,"showImageEffects":true,"showParticleSystems":true},"in2DMode":false,"pivot":{"x":-4.505624294281006,"y":-7.864092826843262,"z":18.264204025268556},"rotation":{"x":-0.2515927255153656,"y":-0.02615555189549923,"z":0.006760747637599707,"w":-0.967536211013794},"size":9.920755386352539,"orthographic":false}