{"cameraMode":{"drawMode":0,"name":"Shaded","section":"Shading Mode"},"sceneLighting":true,"audioPlay":false,"sceneViewState":{"showFog":true,"showMaterialUpdate":true,"showSkybox":true,"showFlares":true,"showImageEffects":true,"showParticleSystems":true},"in2DMode":false,"pivot":{"x":9.324819564819336,"y":-0.7223348617553711,"z":14.433717727661133},"rotation":{"x":-0.13161157071590424,"y":-0.16267436742782594,"z":0.022020822390913965,"w":-0.9778242111206055},"size":3.785510301589966,"orthographic":false}