{"cameraMode":{"drawMode":0,"name":"Shaded","section":"Shading Mode"},"sceneLighting":true,"audioPlay":false,"sceneViewState":{"showFog":true,"showMaterialUpdate":true,"showSkybox":true,"showFlares":true,"showImageEffects":true,"showParticleSystems":true},"in2DMode":false,"pivot":{"x":-31.451435089111329,"y":-18.41770362854004,"z":1.3425382375717164},"rotation":{"x":0.22063153982162476,"y":-0.6563858985900879,"z":0.20973071455955506,"w":0.690326452255249},"size":21.561912536621095,"orthographic":false}