{"cameraMode":{"drawMode":0,"name":"Shaded","section":"Shading Mode"},"sceneLighting":true,"audioPlay":false,"sceneViewState":{"showFog":true,"showMaterialUpdate":true,"showSkybox":true,"showFlares":true,"showImageEffects":true,"showParticleSystems":true},"in2DMode":false,"pivot":{"x":-7.559670925140381,"y":-4.151676177978516,"z":7.940843105316162},"rotation":{"x":-0.30227240920066836,"y":0.06484822183847428,"z":-0.020617663860321046,"w":-0.9508014917373657},"size":5.806910514831543,"orthographic":false}