{"cameraMode":{"drawMode":0,"name":"Shaded","section":"Shading Mode"},"sceneLighting":false,"audioPlay":false,"sceneViewState":{"showFog":true,"showMaterialUpdate":true,"showSkybox":false,"showFlares":true,"showImageEffects":true,"showParticleSystems":true},"in2DMode":false,"pivot":{"x":0.001250002533197403,"y":0.51419997215271,"z":0.0239499993622303},"rotation":{"x":-0.271248996257782,"y":0.10283751785755158,"z":-0.02917325310409069,"w":-0.9565818905830383},"size":-0.2557600438594818,"orthographic":false}