{"cameraMode":{"drawMode":0,"name":"Shaded","section":"Shading Mode"},"sceneLighting":true,"audioPlay":false,"sceneViewState":{"showFog":true,"showMaterialUpdate":true,"showSkybox":true,"showFlares":true,"showImageEffects":true,"showParticleSystems":true},"in2DMode":false,"pivot":{"x":5.0299177169799809,"y":-6.367067337036133,"z":7.941860198974609},"rotation":{"x":0.0782492458820343,"y":-0.912102997303009,"z":0.2070266455411911,"w":0.34518828988075259},"size":9.495903968811036,"orthographic":false}