{"cameraMode":{"drawMode":0,"name":"Shaded","section":"Shading Mode"},"sceneLighting":true,"audioPlay":false,"sceneViewState":{"showFog":true,"showMaterialUpdate":true,"showSkybox":true,"showFlares":true,"showImageEffects":true,"showParticleSystems":true},"in2DMode":false,"pivot":{"x":-27.694597244262697,"y":-11.588294982910157,"z":5.618571758270264},"rotation":{"x":-0.18143068253993989,"y":0.6032010912895203,"z":-0.1434890180826187,"w":-0.7634865045547485},"size":14.347480773925782,"orthographic":false}