{"cameraMode":{"drawMode":0,"name":"Shaded","section":"Shading Mode"},"sceneLighting":true,"audioPlay":false,"sceneViewState":{"showFog":true,"showMaterialUpdate":true,"showSkybox":true,"showFlares":true,"showImageEffects":true,"showParticleSystems":true},"in2DMode":false,"pivot":{"x":0.04774017632007599,"y":1.3050901889801026,"z":5.354593276977539},"rotation":{"x":0.14265157282352448,"y":-0.059350378811359408,"z":0.008566770702600479,"w":0.9879652857780457},"size":0.9369615912437439,"orthographic":false}